Country Name,Country Code,1990,1991,1992,1993,1994,1995,1996,1997,1998,1999,2000,2001,2002,2003,2004,2005,2006,2007,2008,2009,2010,2011,2012,2013,2014,2015,2016,2017,2018
Aruba,ABW,,6.079999924,,,6.449999809,,,7.449999809,,,6.920000076,6.900000095,,,,,,5.710000038,,,10.60000038,8.899999619,,,,,,,
Afghanistan,AFG,,,,,,,,,,,,,,,,,,,2.494499922,,,,1.691900015,,,,,,
Angola,AGO,,,,,,,,,,,,,,,23.6427002,,,,,,9.430000305,,,,0.029999999,,,,
Albania,ALB,9.5,9.100000381,26.5,22.29999924,18.39999962,12.89999962,12.30000019,14.89999962,17.70000076,18.39999962,16.79999924,16.39999962,15.80000019,15,14.39999962,14.10000038,13.80000019,15.96630001,13.05990028,13.67389965,14.08600044,13.48089981,13.37590027,15.86590004,17.48999977,17.07999992,,13.75,
Andorra,AND,,,,,,,,,,,,,,,,,,,,,,,,,,,,,
Arab World,ARB,,,,,,,,,,,,,,,,,10.53621148,9.705205193,9.952565113,9.559221462,9.347947241,,10.72073817,,,,,,
United Arab Emirates,ARE,,,,,,1.799999952,,,,,2.25,,,,,3.119999886,,,,,,,,,,,1.635501981,2.463000059,
Argentina,ARG,7.059999943,,6.360000134,10.10000038,11.76000023,18.79999924,17.11000061,14.81999969,12.64999962,14.05000019,15,17.31999969,19.59000015,15.35999966,13.52210045,11.50590038,10.07750034,8.470000267,7.83739996,8.645299911,,,,,,,,8.347399712,
Armenia,ARM,,,1.799999952,5.300000191,6.599999905,6.699999809,9.300000191,10.80000019,9.399999619,11.19999981,,,,,,,,9.812299728,16.36750031,18.73999977,19.00799942,,17.30999947,16.17889977,,,,17.7045002,
American Samoa,ASM,5.110000134,,,,,,,,,,5.050000191,,,,,9.979999542,,,,,9.199999809,,,,,,,,
Antigua and Barbuda,ATG,,6,,,,,,,,,,,,,,,,,,,,,,,,,,,
Australia,AUS,6.926000118,9.579199791,10.72879982,10.87380028,9.718700409,8.46930027,8.506199837,8.362199783,7.675600052,6.872300148,6.282599926,6.742300034,6.367599964,5.92869997,5.39470005,5.03249979,4.782299995,4.376999855,4.234200001,5.56069994,5.211299896,5.081200123,5.224500179,5.663099766,6.078299999,6.055699825,5.710800171,5.593800068,
Austria,AUT,,,,,,,,,,,,,,,,,,,,5.301400185,4.820000172,4.563799858,4.864999771,5.334799767,5.619699955,5.722700119,6.013800144,5.499000072,
Azerbaijan,AZE,,0.109999999,0.170000002,0.519999981,0.649999976,0.800000012,0.899999976,1.029999971,1.129999995,,,,,,,,,,,5.739999771,5.630000114,5.420000076,5.190000057,4.96999979,4.909999847,4.960000038,5,5,
Burundi,BDI,0.479999989,,,,,,,,,14,,,,,,,,,1.633574486,,,,,,1.570000052,,,,
Belgium,BEL,,,,,,,,,,,,,,,7.363399982,8.440199852,8.245900154,7.457900047,6.975599766,7.907599926,8.292499542,7.1395998,7.541699886,8.425299644,8.52270031,8.482000351,7.829699993,7.086200237,
Benin,BEN,,,1.50999999,,,,,,,,,,0.689999998,,,,,,,,1.039999962,2.646500111,,,,,,,
Burkina Faso,BFA,,,,,2.579999924,,,,2.440000057,,,,,2.779999971,,4,,3.299999952,,,,,,,6.479499817,,,,
Bangladesh,BGD,,2.200000048,,,,,2.50999999,,,,3.269999981,,,4.320000172,,4.25,3.590600014,,,5,3.378900051,,,4.426199913,,,4.349999905,4.372300148,
Bulgaria,BGR,1.700000048,11.10000038,15.30000019,16.39999962,12.80000019,11.10000038,12.5,,,,,,,,,,,,,6.816599846,10.27939987,11.25959969,12.26990032,12.94079971,11.42380047,9.143300056,7.57460022,6.164400101,
Bahrain,BHR,,,,,,,,,,,,,,,,,,5.599999905,3.700000048,4,,4,,,,,,,
"Bahamas, The",BHS,7.769999981,12.17000008,14.81000042,12.72000027,13.82999992,10.82999992,11.46000004,9.760000229,7.650000095,7.449999809,,6.869999886,9.050000191,10.84000015,10.19999981,10.19999981,7.539999962,7.880000114,8.180000305,14.25,,14.52000046,14.02000046,16.18000031,13.80000019,12,12.69999981,,
Bosnia and Herzegovina,BIH,,,,,,,,,,,,,,,,,31.10989952,28.9843998,23.40530014,24.06769943,27.3118,27.58189964,28.01029968,27.45000076,27.51720047,27.64999962,25.40999985,20.46999931,
Belarus,BLR,,0.050000001,0.5,1.399999976,2.099999905,2.900000095,4,2.799999952,2.299999952,2.099999905,2.099999905,2.299999952,3,3.099999905,1.899999976,1.5,1.200000048,1,0.800000012,6.099999905,,0.600000024,0.5,0.5,0.5,1,5.840000153,5.650000095,
Belize,BLZ,,,,9.779999733,11.10000038,12.47999954,13.81999969,12.68000031,14.31000042,12.84000015,,9.069999695,10.03999996,,,10.90999985,9.390000343,8.510000229,8.180000305,,,,14.27000046,8.349100113,8.243900299,7.578199863,7.909999847,6.595499992,
Bermuda,BMU,,,,,,,,,,,2.710000038,,,,,,,,,4.480000019,6.489999771,,8.43999958,6.659999847,8.93999958,,,,
Bolivia,BOL,,6.590000153,,5.989999771,3.079999924,3.690000057,5.230000019,2.079999924,,3.930000067,4.46999979,,,,,,,,2.603399992,2.863399982,,2.218600035,2.047899961,2.393899918,2.006500006,3.065999985,3.055999994,3.232800007,
Brazil,BRA,,,6.420000076,6.03000021,,6.420499802,7.253399849,8.158399582,9.422800064,10.20829964,,9.6104002,9.370900154,9.991000175,9.105199814,9.567700386,8.639499664,8.327300072,7.342599869,8.522100449,,6.916999817,,,,,11.60949993,12.82730007,
Barbados,BRB,8.159999847,7.519999981,22.94000053,24.54000092,22.97999954,19.65999985,14.71000004,14.60999966,12.39999962,10.60999966,9.350000381,9.850000381,10.31999969,11,9.569999695,9.079999924,8.729999542,7.409999847,8.119999886,10.02000046,10.68999958,11.18999958,11.59000015,11.55000019,12.17000008,11.35000038,9.720000267,,
Brunei Darussalam,BRN,,4.699999809,,,,,,,,,,,,,,,,,,,,,,,6.965099812,,,,
Bhutan,BTN,,,,,,,,,1.399999976,1.399999976,,1.899999976,,1.799999952,2.49000001,,3.130000114,3.700000048,,3.960000038,3.319999933,3.230000019,2.049999952,2.869999886,2.630000114,2.450000048,,,
Botswana,BWA,,13.81999969,,,,,21.57999992,,20.86000061,,15.88000011,18.54000092,,23.79999924,,,17.79999924,,,16.1692009,17.86000061,,,,,,,,
Central African Republic,CAF,,,,,,,,,,,,,,,,,,,,,,,,,,,,,
Canada,CAN,8.131099701,,11.19699955,11.37689972,10.39519978,9.488900185,,9.100500107,8.278499603,7.583099842,6.828700066,,7.664800167,7.573800087,7.185299873,6.758100033,6.320300102,6.036099911,6.13710022,8.343999863,8.055500031,,7.291800022,7.073599815,6.91410017,6.906499863,6.998899937,6.339700222,
Central Europe and the Baltics,CEB,,,10.56224874,,12.23264405,11.41859,10.54176235,9.224959084,9.051671519,10.6613115,12.56163797,12.7497591,,14.5511006,13.67041117,12.82999586,10.66818391,8.2145959,6.981925522,8.488824534,9.901967619,9.789452241,9.978224158,10.0460624,8.951639025,7.816352178,6.488548429,5.293790484,
Switzerland,CHE,,,,,,,,,,,,,,,,,,,,4.116099834,4.80670023,4.407599926,4.484600067,4.74669981,4.825900078,4.800700188,4.917900085,4.796700001,
Channel Islands,CHI,,,,,,,,,,,,,,,,,,,,,,,,,,,,,
Chile,CHL,,5.230000019,,4.489999771,,4.699999809,,7.136000156,,11.15799999,,10.39000034,10.16800022,,10.1619997,9.340000153,,8.427000046,9.284999847,,8.424300194,,6.659399986,,6.664899826,,6.738200188,6.958099842,
China,CHN,2.5,2.299999952,2.299999952,2.599999905,2.799999952,2.900000095,3,3.099999905,3.099999905,3.099999905,3.099999905,3.599999905,4,4.300000191,4.199999809,4.199999809,4.099999905,4,4.199999809,4.300000191,4.099999905,4.099999905,4.099999905,4.050000191,4.099999905,,,3.900000095,
Cote d'Ivoire,CIV,,,6.699999809,,,4.099999905,,,4.099999905,,,,,,,,,,,,,,7.222899914,4.254499912,,,2.59920001,,
Cameroon,CMR,,,,,,,8.06000042,,,,,7.460000038,,,,4.400000095,,,,,4.110000134,,,,3.533799887,,,,
"Congo, Dem. Rep.",COD,,,,,,,,,,,,,,,,2.849100113,,,,,,,4.485199928,,,,,,
"Congo, Rep.",COG,,,,,,,,,,,,,,,,19.79560089,,,,16.10000038,,,10,,,,,,
Colombia,COL,,10.11999989,9.43999958,,8.25,8.720000267,11.81000042,12.14000034,15,20.05999947,20.52000046,15.03999996,15.63300037,14.18900013,13.71700001,11.86999989,,11.20400047,11.27299976,12.06599998,10.98400021,10.11089993,9.74050045,9.051699638,8.572199821,8.298999786,8.691800117,8.87250042,
Comoros,COM,,,,,,,,,,,,,,,4.571400166,,,,,,,,,,,,,,
Cabo Verde,CPV,23,,,,,,,,,,,,,,,,,,,,10.67000008,,,,,31.31270027,,12.23999977,
Costa Rica,CRI,4.511000156,5.373000145,3.927000046,3.953999996,4.045000076,5.176000118,6.162000179,5.681000233,5.327000141,5.894999981,5.081999779,5.914999962,6.334000111,6.558000088,6.390999794,6.571000099,5.739999771,4.489999771,4.781000137,7.712999821,7.170800209,10.13939953,,,,,,,
Caribbean small states,CSS,,15.66699417,16.54601213,17.17848148,16.16002945,15.69398741,15.26756851,14.95577734,14.08302026,13.95910712,,12.85387564,12.29319812,11.61726483,10.58729598,10.38226992,9.236477887,8.432858366,8.72811701,9.920923771,9.410079604,10.24075645,11.14638479,11.43210572,10.14039833,10.31054981,10.48226929,,
Cuba,CUB,,,,,,8.270000458,7.610000134,7.099999905,6.230000019,6.260000229,5.449999809,4.079999924,3.309999943,2.329999924,1.853999972,1.950000048,1.912999988,1.787999988,1.582999945,1.669999957,2.5,3.180000067,3.460000038,3.289999962,2.700000048,2.400000095,,,
Curacao,CUW,,,,,,,,,,,,,,,,,,,,,,9.779999733,,13.02999973,12.60999966,11.71000004,,,
Cayman Islands,CYM,,5.909999847,,7.21999979,5.739999771,4.940000057,5.099999905,4.139999866,4.170000076,,,7.539999962,5.369999886,3.609999895,3.450000048,3.539999962,2.619999886,3.829999924,3.970000029,6.039999962,,6.78000021,6.210000038,6.269999981,4.699999809,4.239999771,,,
Cyprus,CYP,1.799999952,3,,2.700000048,2.700000048,2.599999905,3.099999905,3.400000095,3.299999952,,,,,,,,4.542900085,3.921999931,3.654700041,5.363900185,6.262800217,,11.79520035,15.87069988,16.08799934,14.90839958,12.94979954,11.05150032,
Czech Republic,CZE,0.699999988,,2.599999905,,,,,,,,,,,,,,,,,6.662099838,7.279099941,6.711100101,6.978199959,6.952700138,6.107900143,5.04640007,3.951400042,2.889800072,
Germany,DEU,4.890299797,,,,,,,,,,,,,,,,,,,7.741600037,6.966400146,5.824399948,5.379399776,5.23059988,4.98059988,4.624199867,4.121799946,3.745500088,
Djibouti,DJI,,,,,,,,,,,,,,,,,,,,,,,,,,,,,
Dominica,DMA,,9.529999733,,,,,,23.18000031,,15.67000008,,10.96000004,,,,,,,,,,,,,,,,,
Denmark,DNK,,,,,,,,,,5.141499996,4.475999832,,,,,,,,,6.0072999,7.463600159,7.572700024,7.525800228,6.99669981,6.58920002,6.168300152,6.180699825,5.7427001,
Dominican Republic,DOM,,,,,,,,,,,6.432400227,7.261799812,,6.937699795,6.302899837,6.586599827,5.654500008,5.157700062,4.76429987,5.466599941,5.211999893,6.086900234,6.722000122,7.351500034,6.718900204,,,5.831699848,
Algeria,DZA,21.26000023,20.60000038,24.37999916,26.22999954,27.73999977,31.84000015,,25.43000031,,,29.77000046,27.29999924,25.89999962,23.71999931,17.64999962,15.27000046,12.27000046,13.78999996,11.32999992,10.15999985,9.960000038,9.960000038,10.97000027,9.819999695,10.20720005,11.20610046,10.20240021,13.56999969,
East Asia & Pacific (excluding high income),EAP,2.604842487,2.587959682,2.543440538,2.797432765,2.97096434,3.058978587,3.169034975,3.330597373,3.537250783,3.604844266,3.591841427,3.773862102,4.345262723,4.320706132,4.304817926,4.475972492,4.366244998,4.299813093,4.401718363,4.217202609,3.922193067,3.867096499,3.816041379,3.744402743,3.74935281,,,3.726663976,
Early-demographic dividend,EAR,,,,,4.396572044,,,,,,5.397489532,,,,,5.537141123,,,,,4.511918418,,4.802842513,,,,,,
East Asia & Pacific,EAS,2.612261006,2.628407026,2.610481825,2.871674378,3.031819216,3.110557949,3.216211506,3.366857004,3.696489555,3.782501613,3.713369992,3.89121104,4.42193331,4.395714584,4.337370556,4.463799436,4.334699116,4.248523978,4.34303744,4.280487682,4.004425087,3.910074972,3.848357042,3.768311876,3.763587365,,,3.693635216,
Europe & Central Asia (excluding high income),ECA,,,5.631318533,6.298625387,7.591714161,7.831654286,8.449965842,9.401928027,10.57144077,11.01105573,8.946506471,8.40019653,8.238513295,8.229875508,8.043053507,7.541765942,7.348767062,7.203756913,7.407341791,8.964747823,8.434915559,7.568085031,7.037790647,7.065182236,7.175015377,7.319141837,7.369635991,7.397457101,
Europe & Central Asia,ECS,,,,,,,,,,,9.44845523,,,8.926373774,8.765159381,8.346636617,7.759267955,7.144384811,6.906058412,8.887448836,9.014109994,8.664427484,8.902139008,9.132227873,8.852928682,8.457379308,8.026140668,7.537360345,
Ecuador,ECU,,8.18999958,8.56000042,7.949999809,6.679999828,6.699999809,10.38000011,9.170000076,11.48999977,13.96000004,4.799499989,4.251699924,,5.66230011,5.00180006,3.77850008,3.549700022,3.142299891,3.91689992,4.607699871,4.087500095,3.457999945,3.234899998,3.082600117,3.479799986,3.615700006,4.597000122,3.836199999,
"Egypt, Arab Rep.",EGY,8.430000305,9.380000114,8.920000076,10.92000008,10.93000031,11.03999996,9,8.369999886,8.029999733,7.949999809,8.979999542,9.260000229,10.01000023,11.01000023,10.31999969,11.19999981,10.48999977,8.800000191,8.516799927,9.086700439,8.756500244,11.84930038,12.59720039,13.15380001,13.10490036,13.05220032,12.40670013,11.73729992,
Euro area,EMU,,,,,,,,,,,,,,,,,,,,9.479242794,10.04139068,10.12331339,11.29318629,11.93015829,11.60208645,10.83474779,10.02630056,9.052581829,
Eritrea,ERI,,,,,,,,,,,,,,,,,,,,,,,,,,,,,
Spain,ESP,,,,,,,,,,,,,,,,,,,,17.8567009,19.85969925,21.39049911,24.78720093,26.09359932,24.44129944,22.05730057,19.63470078,17.22360039,
Estonia,EST,0.637000024,,,,,9.659000397,9.914999962,10.36919975,,,,,,,,,,4.592000008,5.454899788,13.54819965,16.7071991,12.32769966,10.02110004,8.630700111,7.351799965,6.186600208,6.761700153,5.760399818,
Ethiopia,ETH,,,,,3.099999905,,,,,3.713700056,,,,,,2.496900082,,,,,,,,2.25090003,,,,,
European Union,EUU,,,,,,,,,,,,,,,,,,,6.447328688,8.872231017,9.513300651,9.605318985,10.4181192,10.81662102,10.20596491,9.382416366,8.538169046,7.617956428,
Fragile and conflict affected situations,FCS,,,,,,,,,,,,,,,,,,,,,,,,,,,,,
Finland,FIN,3.069000006,6.502999783,11.59500027,16.20100021,16.4260006,,15.57180023,14.96749973,13.21450043,11.69330025,,10.29049969,10.42269993,10.46930027,10.35779953,8.383600235,7.718900204,6.854000092,6.368599892,8.249500275,8.394399643,7.781000137,7.689099789,8.193400383,8.663000107,9.375900269,8.818400383,8.640199661,
Fiji,FJI,,5.929999828,5.349999905,5.880000114,5.699999809,5.400000095,5.78000021,,,,,,,8.220000267,4.699999809,3.885999918,,,8.93999958,8.720000267,8.909999847,4.405499935,9,,6.170000076,,4.319499969,,
France,FRA,,9.13409996,10.2052002,11.32129955,12.59280014,11.8355999,12.36730003,12.56620026,12.07489967,11.98079967,10.21720028,8.6104002,8.701700211,8.306500435,8.913599968,8.493499756,8.447799683,7.656700134,7.063399792,8.736300468,8.871299744,8.81099987,9.40019989,9.920599937,10.29220009,10.3593998,10.05679989,9.397199631,
Faroe Islands,FRO,,,,,,,,,,,4.170000076,4,,3.849999905,3.700000048,,,,,,,,,,,,,,
"Micronesia, Fed. Sts.",FSM,,,,,,,,,,,,,,,,,,,,,,,,,,,,,
Gabon,GAB,,,,17.78000069,,,,,,,,,,,,16.90999985,,,,,20.38999939,,,,,,,,
United Kingdom,GBR,,,,,,,,,,,,,,,,,,,5.614999771,7.53730011,7.786600113,8.037400246,7.885300159,7.525100231,6.110499859,5.301199913,4.813199997,4.334799767,
Georgia,GEO,,,,,,,2.400000095,5,,,,,,11.51000023,12.61999989,13.81000042,13.56999969,13.27999973,17.87000084,18.29999924,17.40999985,17.34000015,17.21999931,16.94000053,14.61999989,14.07999992,13.97000027,13.93000031,
Ghana,GHA,,,4.699999809,,,,,,8.199999809,10.10000038,10.35999966,,,,,,4.635300159,,,,5.320000172,,,2.172899961,,6.806200027,,,
Gibraltar,GIB,,6.440000057,,,,,,,,,,,,,,,,,,,,,,,,,,,
Guinea,GIN,,,,,,,,,,,,,4.548799992,,,,,,,,,,,,,,,,
"Gambia, The",GMB,,,,,,,,,,,,,,,,,,,,,,,9.417300224,,,,,,
Guinea-Bissau,GNB,,,,,,,,,,,,,,,,,,,,,,,,,,,,,
Equatorial Guinea,GNQ,,,,,,,,,,,,,,,,,,,,,,,,,,,,,
Greece,GRC,7.024099827,,7.842899799,8.612999916,8.862799644,9.062000275,9.655099869,9.577199936,10.83940029,11.85280037,11.24779987,,9.974599838,9.412099838,10.31070042,9.993800163,9.007699966,8.396499634,7.759699821,9.61590004,12.71310043,17.86470032,24.43930054,27.46619987,26.49139977,24.89710045,23.53910065,21.48760033,
Grenada,GRD,,13.90999985,,,26.93000031,,16.88999939,,15.23999977,,,,,,,,,,,,,,,24.20000076,24.5,22.89999962,,,
Greenland,GRL,,,,,,,12.92000008,10.07999992,11.56000042,9.029999733,11.02000046,9.529999733,8.819999695,10.30000019,10.43999958,9.25,8.399999619,,,,7.800000191,9.399999619,9.800000191,10.10000038,10.30000019,9.100000381,,,
Guatemala,GTM,,,,,,,,,,,,,,2.806799889,2.970799923,,,,,,3.496599913,4.126200199,2.764699936,3.016499996,2.716700077,2.506200075,2.826400042,,
Guam,GUM,2.831199884,3.50909996,3.837300062,5.527200222,7.599999905,7.900000095,8.282699585,9.670000076,7.739999771,13.94999981,,13.21259975,11.39000034,,7.699999809,7,7.400000095,8.300000191,,9.300000191,8.199999809,13.30000019,12.19999981,11.5,7.599999905,6.900000095,5.400000095,,
Guyana,GUY,,,11.89999962,,,,,,,,,,11.81000042,,,,10.69999981,,,,,,,,,,,12.04450035,
High income,HIC,,,6.800858966,7.262174257,7.104225229,6.90151143,,6.530522087,6.809065753,6.881076275,6.549598565,6.815641876,6.988312877,7.358605997,7.019475541,6.564323856,5.902911179,5.420510035,5.657955956,8.028219958,8.338446856,8.068259191,8.091698737,8.043979039,7.380127383,6.742600321,6.199445589,5.759509747,
"Hong Kong SAR, China",HKG,1.25,1.799999952,1.960000038,1.960000038,1.899999976,3.220000029,2.829999924,2.220000029,4.579999924,6.25,4.920000076,5.090000153,7.28000021,7.860000134,6.739999771,5.579999924,4.769999981,4.010000229,3.559999943,5.260000229,4.309999943,3.420000076,3.289999962,3.400000095,3.299999952,3.319999933,3.390000105,3.089999914,
Honduras,HND,4.78000021,4.579999924,3.059999943,,,3.24000001,4.369999886,3.319999933,4.019999981,3.849999905,,4,4.019999981,5.300000191,5.989999771,4.908699989,3.574500084,3.210500002,3.156399965,3.291699886,4.118700027,4.474500179,3.754499912,4.096000195,5.48789978,4.591599941,4.668200016,4.047999859,
Heavily indebted poor countries (HIPC),HPC,,,,,,,,,,,,,,,,,,,,,,,,,,,,,
Croatia,HRV,,11.14000034,,,,,9.680000305,9.710000038,11.39179993,13.55889988,16.06369972,,15.05259991,13.92380047,13.66399956,12.59780025,11.12959957,9.90929985,8.53030014,9.2020998,11.62030029,13.67800045,15.93459988,17.25110054,17.28969955,16.17519951,13.10340023,11.20810032,
Haiti,HTI,11.25,,,,,,,,,7.199999809,,,,,,,,16.79999924,,,,,14.10000038,,,,,,
Hungary,HUN,1.700000048,8.5,,,,,,,,,6.563099861,5.671299934,5.608200073,,5.832099915,7.188499928,7.493899822,7.405900002,7.816999912,10.03040028,11.1718998,11.02910042,11.00300026,10.17650032,7.725299835,6.813199997,5.114900112,4.155700207,
IBRD only,IBD,,,,,4.057494196,,4.97094014,5.177459019,5.574439403,5.881586195,4.979948502,5.931605993,6.374710393,6.398593013,6.290004474,5.550956046,,5.774486896,5.634345807,5.91228992,4.759000019,5.421348174,4.64228116,,,,,,
IDA & IBRD total,IBT,,,,,4.040892753,,,,,,4.996803211,,,,,5.462981055,,,,,4.663669412,,4.65256271,,,,,,
IDA total,IDA,,,,,,,,,,,,,,,,,,,,,,,,,,,,,
IDA blend,IDB,,,,,,,,,,,,,,,,,,,,,,2.712946419,,3.522794005,3.742578535,4.104626235,,,
Indonesia,IDN,2.50999999,2.539999962,2.670000076,,,,4.369999886,4.679999828,5.460000038,6.300000191,6.077499866,6.08220005,6.604000092,6.65749979,7.302800179,7.9447999,7.550600052,8.060199738,7.208499908,6.105899811,5.613500118,5.15320015,4.468200207,4.335800171,4.048600197,4.513999939,4.300700188,4.184800148,
IDA only,IDX,,,,,,,,,,,,,,,,,,,,,,,,,,,,,
Isle of Man,IMN,2.099999905,,4.300000191,4.900000095,4.699999809,4.400000095,,,,0.800000012,0.600000024,,0.5,0.800000012,1,1.399999976,,1.399999976,1.399999976,,,3.299999952,,2.598130465,1.980000019,,2.667321205,,
India,IND,,,,,2.590899944,,,,,,2.730600119,,,,,3.101999998,,,,,2.443599939,,2.689800024,,,,,,
Not classified,INX,,,,,,,,,,,,,,,,,,,,,,,,,,,,,
Ireland,IRL,14.08870029,15.77519989,15.03030014,15.58699989,14.56980038,11.98349953,11.71749973,10.20300007,7.698699951,5.80369997,4.317699909,3.683399916,4.215400219,4.478099823,4.490699768,4.342400074,4.414599895,4.980100155,6.773600101,12.60900021,14.53289986,15.35280037,15.45259953,13.7446003,11.85610008,9.903599739,8.366499901,6.710499763,
"Iran, Islamic Rep.",IRN,,11.10000038,,,,,9.100000381,,,,,,12.80000019,,10.30000019,12.10000038,11.19999981,10.60000038,10.47999954,11.97000027,13.52000046,12.44999981,12.63000011,10.43999958,10.56999969,11.06000042,12.43000031,12.10000038,
Iraq,IRQ,,,,,,,,,,,,,,,,,,8.649000168,,,,,7.964700222,,,,,,
Iceland,ISL,,2.548000097,4.304999828,5.256999969,5.326000214,5.195600033,3.600399971,3.720299959,3.069400072,2.178100109,1.936400056,1.873600006,2.988199949,3.997100115,4.030799866,2.546999931,2.829799891,2.2506001,2.945600033,7.220399857,7.56430006,7.028100014,6.000199795,5.376399994,4.897200108,3.979199886,2.977900028,2.741899967,
Israel,ISR,12.24100018,13.38700008,14.07999992,12.74100018,9.934000015,8.781999588,8.454999924,9.751000404,10.7489996,11.18299961,11.10200024,11.81200027,12.88799953,13.50500011,13.02900028,11.34200001,10.70699978,9.37899971,7.703999996,9.534000397,8.479999542,7.138999939,6.856999874,6.208000183,5.889999866,5.250999928,4.797999859,4.215000153,
Italy,ITA,,,,10.23989964,,,,,12.11870003,11.68999958,10.84179974,9.595100403,9.207500458,8.865699768,7.865600109,7.730500221,6.776599884,6.075399876,6.723199844,7.748600006,8.362500191,8.359000206,10.65450001,12.14869976,12.68280029,11.89599991,11.6882,11.2105999,
Jamaica,JAM,15.72000027,15.73999977,15.75,16.31999969,15.34000015,16.22999954,16.01000023,16.35000038,15.5,15.73999977,15.53909969,14.93000031,14.19050026,11.73999977,11.43999958,11.26319981,10.32479954,9.745300293,10.32999992,11.36229992,12.36590004,12.69999981,13.93019962,15.25059986,13.73999977,13.51130009,13.19180012,11.6590004,
Jordan,JOR,,,,19.70000076,,14.60000038,13.69999981,,,,13.69999981,14.69999981,15.30000019,14.5,,14.80000019,14,13.10000038,12.69999981,12.89999962,12.5,12.89999962,12.19999981,12.60000038,11.89999962,13.07499981,15.27499962,,
Japan,JPN,2.099999905,2.099999905,2.200000048,2.5,2.900000095,3.200000048,3.400000095,3.400000095,4.099999905,4.699999809,4.699999809,5,5.400000095,5.300000191,4.699999809,4.400000095,4.099999905,3.900000095,4,5.099999905,5.099999905,4.520999908,4.300000191,4,3.599999905,3.400000095,3.099999905,2.799999952,
Kazakhstan,KAZ,,0.050000001,0.400000006,,,,,,,,,,,,,,,,,6.550000191,5.769999981,5.389999866,5.289999962,5.199999809,5.059999943,4.929999828,4.960000038,4.900000095,
Kenya,KEN,,,,,,,,,,,,,,,,,,,,9.600000381,,,,,,,,,
Kyrgyz Republic,KGZ,,,,,,,,,,,7.539999962,7.840000153,12.55000019,9.920000076,8.529999733,8.109999657,8.270000458,8.100000381,8.220000267,8.409999847,8.640000343,8.529999733,8.430000305,8.329999924,8.050000191,7.559999943,7.210000038,6.889999866,
Cambodia,KHM,,,,,,,0.839999974,,,,2.450000048,1.639999986,,,,,,0.870000005,,0.189999998,0.349999994,0.200000003,,0.300000012,0.180000007,,,,
Kiribati,KIR,,,,,,,,,,,,,,,,14.64999962,,,,,30.57999992,,,,,,,,
St. Kitts and Nevis,KNA,,5.139999866,,,,,,,,,,5.119999886,,,,,,,,,,,,,,,,,
"Korea, Rep.",KOR,2.453999996,2.407000065,2.513000011,2.878000021,2.476000071,2.062999964,2.048000097,2.60800004,6.962999821,6.342000008,4.400000095,4,3.299999952,3.599999905,3.700000048,3.700000048,3.5,3.200000048,3.200000048,3.599999905,3.700000048,3.400000095,3.200000048,3.099999905,3.5,3.599999905,3.700000048,3.700000048,
Kuwait,KWT,,,,0.800000012,0.699999988,,,,,,,,,,,,,1.5,1.75,1.639999986,1.820000052,,,,2.900000095,2.200000048,2.160000086,,
Latin America & Caribbean (excluding high income),LAC,,,6.234994044,5.494578063,,6.982033853,7.545362317,7.318138982,8.278422341,9.19845249,,7.893293702,8.615652587,8.602533349,7.671805758,7.843431706,6.692336711,7.063165011,6.371909011,7.441768568,,6.479115732,,,,,8.249029297,8.724410804,
Lao PDR,LAO,,,,,,2.599999905,,,,,,,,,,1.350000024,,,,,0.708299994,,,,,,,9.406000137,
Lebanon,LBN,,,,,,,,8.619999886,,,,,,,7.849999905,,,8.979999542,,6.354991913,,,,,,,,,
Liberia,LBR,,,,,,,,,,,,,,,,,,,,,2.26609993,,,,,,,,
Libya,LBY,,,,,,,,,,,,,,,,,,,,,,,19.03000069,,,,,,
St. Lucia,LCA,,,,16.79999924,,,,,,,,,,22.18000031,20.96999931,18.70000076,16,14,12.72000027,15.36999989,,18.86000061,19.05999947,22.20999908,,24.08959961,21.26269913,,
Latin America & Caribbean,LCN,,,6.391414963,6.073031854,,8.048817859,8.433509739,8.05181689,8.74380693,9.676552481,,8.882840048,9.728483024,9.255066094,8.311745313,8.226942702,7.049621903,7.223778947,6.580575065,7.531423253,,6.448172613,,,,,8.153657605,8.597891982,
Least developed countries: UN classification,LDC,,,,,,,,,,,,,,,,,,,,,,,,,,,,,
Low income,LIC,,,,,,,,,,,,,,,,,,,,,,,,,,,,,
Liechtenstein,LIE,0.150000006,0.519999981,0.75999999,1.360000014,1.019999981,0.899999976,1.600000024,1.340000033,1.779999971,1.779999971,1.269999981,1.120000005,1.450000048,2.109999895,2.400000095,2.660000086,2.460000038,2.00999999,,,,,,,,,,,
Sri Lanka,LKA,15.89999962,14.66139984,14.22000027,13.81000042,13.02999973,12.27000046,11.35000038,10.60000038,9.170000076,8.880000114,7.739999771,7.900000095,8.760000229,8.220000267,8.380000114,7.670000076,6.5,5.96999979,5.21999979,5.849999905,4.940000057,4.110000134,3.880000114,4.440000057,4.400000095,4.670000076,4.369999886,4.179999828,
Lower middle income,LMC,,,,,,,,,,,4.573725358,,,,,4.783020335,,,,,3.533914129,,3.777164078,,,,,,
Low & middle income,LMY,,,,,3.811693357,,,,,,4.770523657,,,,,5.278953973,,,,,4.602511418,,4.592724711,,,,,,
Lesotho,LSO,,,,,,,,37.93999863,,27.27000046,,,,,,,,,35.45999908,,,,,24.57999992,,,,,
Late-demographic dividend,LTE,2.889527845,2.825281853,3.504355454,3.655555463,3.853432941,4.358124811,4.337619125,4.638083702,4.881345824,5.119944204,4.521593672,5.132970168,5.091289119,5.56594902,5.416357586,5.476134101,5.06229987,4.94065665,4.965445733,5.230070881,4.689993419,4.766791943,4.514925373,4.462313612,4.37858521,,,5.028506119,
Lithuania,LTU,,,,,17.32999992,17.54000092,16.39999962,14.13000011,13.71100044,13.38759995,15.93109989,16.83959961,13.00800037,12.87450027,10.6843996,8.32460022,5.780399799,4.25,5.825900078,13.78499985,17.81410027,15.39039993,13.36480045,11.76990032,10.69810009,9.119999886,7.862100124,7.073200226,
Luxembourg,LUX,1.607200027,1.48239994,2.029099941,2.329999924,3.479500055,2.917900085,3.286200047,2.527199984,2.763099909,2.389800072,2.345299959,1.804999948,2.620899916,3.674999952,5.113299847,4.488200188,4.730700016,4.065199852,5.060100079,5.122399807,4.360799789,4.901500225,5.140100002,5.847599983,5.852399826,6.668600082,6.290699959,5.52159977,
Latvia,LVA,,,,,,,,,14.46350002,13.78969955,14.21080017,13.82110023,13.82890034,12.06110001,11.70839977,10.03299999,7.029699802,6.051599979,7.738900185,17.51469994,19.4822998,16.20639992,15.04669952,11.86740017,10.84630013,9.873000145,9.642900467,8.715000153,
"Macao SAR, China",MAC,,3.00999999,2.200000048,2.099999905,2.5,3.599999905,4.199999809,3.200000048,4.599999905,6.300000191,6.800000191,6.400000095,6.300000191,6,4.900000095,4.099999905,3.799999952,3.200000048,3,3.579999924,2.839999914,2.559999943,1.970000029,1.820000052,1.700000048,1.809999943,1.899999976,2,
St. Martin (French part),MAF,,,,,,,,,,,,,,,,,,,,,,,,,,,,,
Morocco,MAR,15.80000019,16.97999954,15.68000031,15.68999958,,22.86000061,17.76000023,16.67000008,19.12000084,13.93999958,13.57999992,12.46000004,11.59000015,11.92000008,10.82999992,11.01000023,9.670000076,9.56000042,9.569999695,8.960000038,9.090000153,8.909999847,8.989999771,9.229999542,9.699999809,9.460000038,9.300000191,,
Monaco,MCO,,,,,,,,,,,3.599999905,,,,,,,,,,,,,,,,6.329999924,,
Moldova,MDA,,,,,,,,,,11.14000034,8.460000038,7.289999962,6.800000191,7.949999809,8.170000076,7.289999962,7.380000114,5.070000172,3.980000019,6.400000095,7.446400166,6.682199955,5.577799797,5.104300022,3.856400013,3.694200039,4.184999943,4.097599983,
Madagascar,MDG,,,,,,,,,,,,,,5.010000229,,2.619999886,,,,,4.28000021,,0.59859997,,,,,,
Maldives,MDV,,,,,,0.790000021,,,,,1.970000029,,,,,,,,,,,,,,5.210000038,,6.119900227,,
Middle East & North Africa,MEA,,12.47191312,,,,,,,,,,,12.98173262,,11.40975744,11.62425207,10.70819937,9.893212689,9.584395622,9.811333953,10.2533672,10.75666144,11.01880415,10.51738117,10.43907441,10.57087832,10.03297879,,
Mexico,MEX,,3.046999931,3.095999956,3.213999987,4.248000145,6.888000011,5.25,4.054999828,3.572999954,2.487999916,2.562999964,2.538000107,3.002599955,3.455300093,3.936500072,3.557899952,3.565999985,3.627599955,3.87409997,5.356400013,5.303299904,5.169799805,4.887000084,4.913899899,4.809400082,4.312699795,3.858999968,3.41960001,
Marshall Islands,MHL,,,,,,,,,,30.90999985,,,,,,25.37000084,,,,,,4.739999771,,,,,,,
Middle income,MIC,,,,,3.804660007,,,,,,4.772941851,,,,,5.363643325,,,,5.687229942,4.558248745,,4.613580664,,,,,,
"Macedonia, FYR",MKD,23.60000038,24.5,26.29999924,27.70000076,30,35.59999847,38.79999924,,,,,30.52000046,31.94000053,36.68999863,37.16130066,37.24990082,36.02539825,34.93450165,33.76129913,32.1794014,32.0196991,31.37750053,31.01639938,28.99609947,28.03030014,26.06839943,23.72439957,22.38120079,
Mali,MLI,,,,,,,,,,,,,,,,,,11.71000004,,,8.069999695,,,,,7.729199886,1.366999984,,
Malta,MLT,3.900000095,3.599999905,4,4.5,4.099999905,3.700000048,4.400000095,5,5.099999905,5.300000191,,,,,,,,,5.97660017,6.888800144,6.847400188,6.378099918,6.307899952,6.386300087,5.804100037,5.39109993,,4.567200184,
Myanmar,MMR,6,,,,,,,,,,,,,,,,,,,,,,,,,0.765900016,,1.551100016,
Middle East & North Africa (excluding high income),MNA,,12.4595357,,,,,,,,,,,13.72218156,,11.95962156,12.50607308,11.21280346,10.49497249,10.44901896,10.56238872,11.1093515,11.78694899,12.00332296,11.59426035,11.7002926,11.98736649,12.10800716,,
Montenegro,MNE,,,,,,,,,,,,,,,,30.30999947,,19.39999962,17.14999962,19.09000015,19.64870071,19.67079926,19.97450066,19.49550056,17.99650002,17.54380035,17.72330093,16.07110023,
Mongolia,MNG,,,,,,5.5,,,,,,,,,,,,7.199999809,5.564799786,5.859899998,6.549399853,4.769299984,3.904900074,4.231200218,4.798099995,4.86070013,7.235099792,6.359399796,
Northern Mariana Islands,MNP,,,,,,,,,,,3.829999924,,,4.570000172,,8.220000267,,,,,11.17000008,,,,,,,,
Mozambique,MOZ,,,,,,,,2.700000048,,,,,,,,,,,,,,,,,,3.426399946,,,
Mauritania,MRT,,,,,,,,,,,,,,,,,,,,,,,9.864500046,,,,,,
Mauritius,MUS,,,,,,,,,,,,,,,8.337400436,9.523799896,9.040200233,8.475299835,,7.257100105,7.653900146,,7.472300053,7.322299957,7.467299938,7.409599781,6.813499928,6.752200127,
Malawi,MWI,,,,,,,,,,,,,,,,7.800000191,,,,,,,,5.946499825,,,,,
Malaysia,MYS,4.5,,3.710000038,4.110000134,,3.150000095,2.519999981,2.450000048,3.200000048,3.430000067,3,3.529999971,3.480000019,3.609999895,3.539999962,3.529999971,3.319999933,3.230000019,3.339999914,3.690000057,3.25,3.049999952,3.039999962,3.109999895,2.880000114,3.099999905,3.440000057,3.410000086,
North America,NAC,5.861110151,6.800000191,7.875447604,7.352595876,6.547113335,6.031635567,5.451099873,5.405501588,4.883630653,4.553250332,4.274538297,4.731299877,5.975832388,6.153939977,5.702163046,5.258349125,4.799854936,4.770976799,5.821513808,9.157396729,9.463765018,8.949199677,7.985098085,7.341978951,6.249072452,5.457748913,5.101475359,4.572474794,
Namibia,NAM,,19.13999939,,,19.39999962,,,24.45000076,,,20.29999924,,,,22.09000015,,,,,,22.10000038,,16.77079964,19.02809906,18.52070045,,23.35180092,,
New Caledonia,NCL,,,,,,,18.63999939,,,,,,,,16.30999947,,,,,13.97000027,,,,,14.59000015,,,,
Niger,NER,,,,,,,,,,,,1.470000029,,,,3.099999905,,,,,,0.319299996,,,,,,,
Nigeria,NGA,,,,,,,,,,,,,,,,,,,,,,3.76970005,,3.703299999,4.562300205,4.31099987,,,
Nicaragua,NIC,,,,,,,,,,,,,,7.599999905,6.409999847,5.369999886,5.309999943,4.889999866,6.199999809,8.159999847,7.829999924,,5.207699776,5.28000021,4.519499779,,,,
Netherlands,NLD,7.669799805,7.28429985,5.5552001,6.284999847,7.15929985,7.15749979,6.420800209,5.51060009,4.394000053,3.622499943,2.725399971,2.119299889,2.553999901,3.593400002,4.64620018,4.723499775,3.904700041,3.17869997,2.750299931,3.412699938,4.450399876,4.977300167,5.820899963,7.243000031,7.415800095,6.872000217,6.006299973,4.838600159,
Norway,NOR,5.261000156,5.407000065,5.909999847,5.965000153,5.348999977,6.307300091,5.03579998,4.686699867,3.736900091,3.246599913,3.457900047,3.738300085,4.021900177,4.220600128,4.256299973,4.380700111,3.398600101,2.493400097,2.549900055,3.102900028,3.521399975,3.214900017,3.122800112,3.423099995,3.483799934,4.295899868,4.678899765,4.162099838,
Nepal,NPL,,,,,,,4.5,,,1.850000024,,,,,,,,,1.335500002,,,,,,,,,,
Nauru,NRU,,,,,,,,,,,,,22.76000023,,,,,,,,,22.95999908,,,,,,,
New Zealand,NZL,7.981999874,10.61400032,10.66699982,9.803999901,8.354000092,6.460999966,6.289999962,6.856999874,7.717999935,7.022999763,6.130000114,5.433000088,5.282000065,4.750800133,4.005000114,3.806999922,3.857000113,3.661000013,4.166999817,6.120999813,6.55700016,6.491000175,6.931000233,6.264999866,5.751999855,5.365200043,5.099999905,4.702000141,
OECD members,OED,,,6.581629842,6.917597967,6.733823344,6.500627322,6.173916919,5.977918663,6.269038905,6.240088766,5.825659488,6.046890465,6.217181916,6.780801129,6.623162778,6.266272291,5.609950315,5.284321958,5.641908064,8.080234737,8.32134039,7.968299133,7.932099644,7.896105415,7.350898827,6.765589832,6.31441598,5.751249729,
Oman,OMN,,,,,,,,,,,,,,,,,,,4.141776562,,,,,,,,3.269999981,,
Other small states,OSS,,,,,,,,,,,,,,,,,,,,,,,,,,,,,
Pakistan,PAK,1.970000029,5.849999905,5.179999828,4.28000021,4.260000229,5.03000021,4.789999962,5.809999943,5.699999809,5.349999905,7.159999847,6.880000114,7.829999924,7.489999771,7.400000095,7.050000191,0.582099974,0.397700012,0.423099995,0.535000026,0.652899981,0.796000004,,2.953700066,1.826799989,3.565900087,,,
Panama,PAN,11.60000038,16.12000084,14.67000008,13.26000023,14,14.01000023,14.31999969,13.36999989,14.02000046,11.75,13.52999973,14.71000004,14.10999966,13.61999989,12.43999958,10.32999992,9.109999657,6.78000021,,6.559999943,3.713000059,2.311199903,2.390599966,2.300499916,2.722800016,3.00180006,3.314599991,3.899800062,
Peru,PER,8.600000381,5.800000191,9.399999619,,,,7.070000172,7.690000057,7.75,7.989999771,,7.880000114,,,,,,,,,,,,,,,,,
Philippines,PHL,,10.59850025,9.866100311,9.288900375,9.483300209,9.526100159,8.563799858,8.777199745,10.25399971,9.808699608,11.18929958,3.698199987,11.51000023,3.527299881,3.553499937,3.795200109,4.052299976,3.434200048,3.719899893,3.858099937,3.605099916,3.592200041,3.504199982,3.49729991,3.599900007,,2.707799911,2.551800013,
Palau,PLW,7.760000229,,,,,7.03000021,,,,,3.300100088,,,,,4.179999828,,,,,,,,,,,,,
Papua New Guinea,PNG,7.699999809,,,,,,,,,,2.920000076,,,,,,,,,,2.001699924,2.619999886,,,,,,,
Poland,POL,,,13.31900024,13.99800014,14.44400024,13.3380003,12.35400009,10.96440029,9.935400009,12.28979969,16.31310081,18.37339973,,19.3696003,19.07279968,17.7458992,13.84049988,9.601699829,7.117599964,8.166799545,9.637200356,9.631699562,10.08769989,10.32590008,8.989800453,7.500999928,6.16079998,4.88740015,
Pre-demographic dividend,PRE,,,,,,,,,,,,,,,,,,,,,,,,,,,,,
Puerto Rico,PRI,,,,,14.60000038,,,,,,,11.39999962,,,,,,,,,,,,14.30000019,13.89999962,,11.80000019,10.80000019,
"Korea, Dem. People?s Rep.",PRK,,,,,,,,,,,,,,,,,,,,,,,,,,,,,
Portugal,PRT,4.64440012,,3.984600067,5.300300121,6.713099957,7.063700199,7.297699928,6.571199894,4.652400017,4.578000069,3.809400082,,4.496600151,6.131599903,6.316599846,7.581699848,7.647399902,7.963699818,7.551700115,9.431900024,10.76990032,12.67720032,15.52680016,16.1833992,13.89410019,12.44439983,11.06620026,8.866999626,
Paraguay,PRY,5.800000191,5.099999905,4.980000019,5.059999943,4.409999847,3.400000095,8.149999619,5.360000134,,9.399999619,7.610000134,,,6.813899994,6.513199806,4.824699879,5.276500225,4.713300228,4.415200233,5.460199833,,,,,,,,4.614600182,
West Bank and Gaza,PSE,,,,,,,,,,,13.53409958,25.29809952,31.22220039,25.48049927,26.78580093,23.51549911,23.74080086,21.71839905,26.60320091,24.58510017,23.77129936,20.86289978,22.88809967,23.33069992,27.01329994,26.01339912,27.07519913,28.41900063,
Pacific island small states,PSS,,,,,,,,,,,,,,,,,,,,5.975942751,,,,,,,,,
Post-demographic dividend,PST,,,,6.74043103,,5.902218928,5.983674835,5.919400202,6.506735442,6.395420983,5.866116906,5.794806803,6.321274173,6.322892248,5.993422466,5.639854658,5.315012026,5.028350028,5.435783091,8.011214781,8.320802995,7.985233008,8.020052191,7.932389004,7.410743671,6.82491381,6.44774233,5.885495449,
French Polynesia,PYF,,,,,,,,,,,,,11.71000004,,,,,11.73999977,,,,,,,,,,,
Qatar,QAT,,,,,,,,,,,,,,,1.480000019,,0.870000005,0.519999981,0.310000002,0.310000002,0.449999988,0.560000002,0.479999989,0.270000011,0.189999998,0.159999996,0.140000001,0.140000001,
Romania,ROU,,,8.260000229,,8.170000076,8.010000229,6.739999771,5.514200211,5.629199982,6.236999989,6.966700077,6.557899952,,6.94990015,7.719099998,7.174399853,7.269499779,6.413099766,5.787499905,6.85890007,6.959199905,7.177400112,6.793700218,7.096000195,6.802100182,6.811800003,5.901400089,4.92689991,
Russian Federation,RUS,,,5.181000233,5.882999897,8.130999565,9.449000359,9.664999962,11.81299973,13.26099968,13.03600025,10.58100033,8.977999687,7.875,8.210000038,7.763000011,7.124000072,7.054999828,6.001999855,6.204999924,8.300999641,7.368800163,6.53550005,5.436299801,5.457699776,5.160099983,5.570899963,5.55880022,5.212299824,
Rwanda,RWA,,0.300000012,,,,,0.560000002,,,,,,0.889999986,,,,,,,,,,,,1.16929996,,,17.35740089,
South Asia,SAS,,,,,2.922826283,,,,,,3.226314094,,,,,3.615835379,,,,,2.402256909,,2.691745094,,,,,,
Saudi Arabia,SAU,,,7.199999809,,,,,,,4.349999905,4.570000172,4.619999886,5.269999981,5.559999943,5.820000172,6.050000191,6.25,5.730000019,5.079999924,5.380000114,5.550000191,5.769999981,5.519999981,5.570000172,5.71999979,5.590000153,5.650000095,5.889999866,
Sudan,SDN,,,,,,,,,,,,,,,,,,,14.80000019,13,,,,,,,,,
Senegal,SEN,,,,,,,,,,,,,5.650000095,,,,10.02999973,,,,,10.35999966,,,,6.757400036,,,
Singapore,SGP,,2.180000067,3.089999914,3.069999933,3.029999971,3.299999952,3.569999933,2.5,3.410000086,4.849999905,,3.75999999,5.650000095,5.929999828,5.840000153,5.590000153,4.480000019,3.900000095,3.960000038,5.860000134,4.119999886,3.890000105,3.720000029,3.859999895,3.74000001,3.789999962,4.079999924,,
Solomon Islands,SLB,,,,,,,,,,,,,,,,,,,,2.019999981,,,,,,,,,
Sierra Leone,SLE,,,,,,,,,,,,,,,3.420000076,,,,,,,,,,4.677999973,,,,
El Salvador,SLV,9.960000038,7.53000021,,9.93999958,7.679999828,7.650000095,7.679999828,7.980000019,7.099999905,6.679999828,6.960000038,6.960000038,5.730000019,6.260000229,6.050000191,7.21999979,,,5.880000114,7.329999924,4.893199921,4.30189991,3.846299887,3.692600012,4.163099766,3.999900103,4.418300152,4.385000229,
San Marino,SMR,5.5,4.300000191,4.199999809,5.099999905,3.900000095,3.900000095,5.099999905,4.400000095,4.099999905,3,2.799999952,,,,,2.109999895,1.629999995,,,4.019999981,4.369999886,5.059999943,5.190000057,6.079999924,6.610000134,7.380000114,6.449999809,,
Somalia,SOM,,,,,,,,,,,,,,,,,,,,,,,,,,,,,
Serbia,SRB,,,,,,13.39999962,13.19999981,13.80000019,13.69999981,13.69999981,12.60000038,12.80000019,13.80000019,15.19999981,18.5,20.85000038,20.85000038,18.05999947,13.70479965,16.14220047,19.21759987,22.96619987,23.99990082,22.15369987,19.22340012,17.92090034,15.25739956,13.47700024,
Sub-Saharan Africa (excluding high income),SSA,,,,,,,,,,,,,,,,,,,,,,,,,,,,,
South Sudan,SSD,,,,,,,,,,,,,,,,,,,12.14999962,,,,,,,,,,
Sub-Saharan Africa,SSF,,,,,,,,,,,,,,,,,,,,,,,,,,,,,
Small states,SST,,,,,,,,,,,,,,,,,,,,,,,,,,,,,
Sao Tome and Principe,STP,,,,,,,,,,,,15.72999954,17.62999916,16.36000061,16.12000084,16.46999931,16.64999962,,,,,,13.59000015,,,,,,
Suriname,SUR,15.64999962,,17.28000069,15.64000034,12.69999981,8.390000343,10.88000011,10.56000042,10.63000011,13.60000038,,,,,9.489999771,,,,,8.720000267,7.150000095,7.539999962,8.100000381,6.599999905,6.940000057,7.21999979,,,
Slovak Republic,SVK,,,,,13.65400028,13.10900021,11.3409996,11.89400005,12.18659973,15.94709969,19.06159973,,18.72100067,17.1196003,18.59939957,16.2560997,13.37279987,11.14340019,9.507599831,12.02540016,14.37940025,13.61740017,13.96329975,14.22049999,13.18410015,11.48079967,9.670200348,8.130999565,
Slovenia,SVN,,7.079999924,,8.510000229,8.239999771,7.150000095,6.907800198,6.646999836,7.388899803,7.324399948,6.917699814,5.682099819,5.921999931,6.478600025,6.011600018,6.505599976,5.950200081,4.818099976,4.370600224,5.856900215,7.236199856,8.166000366,8.840200424,10.10229969,9.667599678,8.962300301,8.000100136,6.564400196,
Sweden,SWE,1.832000017,3.243000031,5.722000122,9.329999924,9.579999924,8.897399902,9.546699524,10.35859966,8.940799713,7.606999874,5.465899944,4.73029995,4.965099812,5.554699898,6.693099976,7.48570013,7.06580019,6.160900116,6.234799862,8.350899696,8.609700203,7.804100037,7.975699902,8.052100182,7.953499794,7.431600094,6.989999771,6.718299866,
Eswatini,SWZ,,,,,,21.64999962,,22.5,,,,,,,,,,28.23999977,,,,,,,,,22.71769905,,
Sint Maarten (Dutch part),SXM,,,,,,,,,,,,,,,,,,,,,,,,,,,,,
Seychelles,SYC,,,,,10.35000038,,,,,,,,9.81000042,,,5.5,,,,,,4.110000134,,,3.840699911,4.151199818,3.964900017,3.714900017,
Syrian Arab Republic,SYR,,6.75,,7.400000095,7.5,7.199999809,,,,7.599999905,,11.63000011,11.68000031,10.27999973,,,8.170000076,8.420000076,10.92000008,8.140000343,8.609999657,,,,,,,,
Turks and Caicos Islands,TCA,,,,,,,,,,,,9.710000038,6.179999828,7.769999981,9.859999657,8.039999962,7.449999809,5.429999828,8.300000191,,,,,,,,,,
Chad,TCD,,,,0.699999988,,,,,,,,,,,,,,,,,,,,,,,,,
East Asia & Pacific (IDA & IBRD countries),TEA,2.604842487,2.587959682,2.543440538,2.797432765,2.97096434,3.058978587,3.169034975,3.330597373,3.537250783,3.604844266,3.591841427,3.773862102,4.345262723,4.320706132,4.304817926,4.475972492,4.366244998,4.299813093,4.401718363,4.217202609,3.922193067,3.867096499,3.816041379,3.744402743,3.74935281,,,3.726663976,
Europe & Central Asia (IDA & IBRD countries),TEC,,,6.488852711,7.297844449,8.401842337,8.372876077,8.858788626,9.568357358,10.51406546,11.17604911,9.75677103,9.416738309,8.32814877,9.385153982,9.181122991,8.59918728,8.013786687,7.477263494,7.390604417,8.896702557,8.575444442,7.809684619,7.390846531,7.445933179,7.431145374,7.416545664,7.312752844,7.195403362,
Togo,TGO,,,,,,,,,,,,,,,,,4.22879982,,,,,1.98150003,,,,2.203900099,,,
Thailand,THA,2.210000038,2.630000114,1.350000024,1.49000001,1.346593142,1.100000024,1.070894122,0.872862101,3.404355526,2.968135595,2.388842106,2.599999905,1.820000052,1.539999962,1.50999999,1.350000024,1.220000029,1.179999948,1.179999948,1.49000001,0.621500015,0.660000026,0.579999983,0.489199996,0.575600028,0.596700013,0.688000023,,
Tajikistan,TJK,,,0.400000006,1.200000048,1.700000048,2,2.599999905,2.700000048,3.200000048,3,2.700000048,2.299999952,2.5,2.400000095,2,2,2.200000048,2.5,,,,,,,,,,,
Turkmenistan,TKM,,,,,,,,,,,,,,,,,,,,4,4,,,,,,,,
Latin America & the Caribbean (IDA & IBRD countries),TLA,,,6.369194181,6.048915882,,8.030841853,8.446436301,8.068573977,8.80618992,9.753195173,,8.978040479,9.884250975,9.408917185,8.455318221,8.362018972,7.176603259,7.340895456,6.685431043,7.653440816,,6.513811362,,,,,8.129319983,8.587940766,
Timor-Leste,TLS,,,,,,,,,,,,,,,,,,,,,3.300899982,,,10.9854002,,,,,
Middle East & North Africa (IDA & IBRD countries),TMN,,12.4595357,,,,,,,,,,,13.56935426,,11.82208103,12.40314097,11.09983504,10.39971115,10.29004065,10.42901165,10.98628906,11.67972342,11.8855268,11.44713716,11.50037027,11.79251719,11.89713751,,
Tonga,TON,4.159999847,,,1.299999952,,,,,,,,,,5.179999828,,,1.090000033,,,,,,,,,,,,
South Asia (IDA & IBRD),TSA,,,,,2.922826283,,,,,,3.226314094,,,,,3.615835379,,,,,2.402256909,,2.691745094,,,,,,
Sub-Saharan Africa (IDA & IBRD countries),TSS,,,,,,,,,,,,,,,,,,,,,,,,,,,,,
Trinidad and Tobago,TTO,,18.52000046,19.65999985,19.80999947,18.44000053,17.21999931,16.25,15.01000023,14.21000004,13.11999989,12.10000038,10.88000011,10.39000034,10.47999954,8.329999924,7.949999809,6.269999981,5.539999962,4.630000114,5.28000021,3.774600029,3.248399973,3.453299999,2.459500074,2.224299908,2.210799932,2.972199917,,
Tunisia,TUN,,,,,,,,15.93999958,,15.21000004,14.93999958,14.39999962,14.55000019,14.51000023,14.22999954,12.87220001,12.51010036,12.36480045,12.44349957,13.29049969,13.04889965,18.33399963,17.62960052,15.93379974,,15.21819973,15.51420021,15.37930012,
Turkey,TUR,8.015000343,8.210000038,8.508999825,8.961999893,8.576999664,7.644000053,6.629000187,6.84100008,6.888000011,7.686999798,6.494999886,8.380999565,10.3579998,10.54199982,10.8380003,10.63599968,8.718299866,8.868300438,9.709899902,12.55220032,10.65970039,8.795900345,8.149499893,8.731900215,9.879799843,10.23600006,10.83860016,10.81919956,
Tuvalu,TUV,,,,,,,,,,,,,6.53000021,,,,,,,,,,,,,,,,
Tanzania,TZA,,3.599999905,,,,,,,,,,2.994400024,3.599999905,,,,3.299400091,,,2.5,,3.470000029,,2.930000067,2.124900103,,,,
Uganda,UGA,,0.939999998,0.920000017,,,,,,,,,,,3.599999905,,1.899999976,,,,3.599999905,,,3.550800085,1.909999967,,,,9.43999958,
Ukraine,UKR,,,,,,5.619999886,7.650000095,8.930000305,11.31999969,11.86429977,11.70720005,11.06089973,10.13560009,9.056799889,8.590000153,7.179999828,6.810400009,6.349999905,6.360000134,8.840000153,8.100000381,7.860000134,7.53000021,7.170000076,9.270000458,9.140000343,9.350000381,9.510000229,
Upper middle income,UMC,,3.128590984,3.499124115,3.618510435,3.920050896,4.416211712,4.437027791,4.616524116,5.051654789,5.303302843,4.924951634,5.405351934,5.869807109,5.993194028,5.73851893,5.768840508,5.431320656,5.343144431,5.303179526,5.845925212,5.40686625,5.356422698,5.1986944,5.052949125,5.064411369,,,5.8491329,
Uruguay,URY,8.529999733,8.949999809,8.960000038,8.350000381,9.039999962,10.02000046,,11.43999958,9.779999733,11.28999996,13.32999992,14.89999962,16.90999985,16.35000038,12.97949982,12.00879955,10.84360027,9.403400421,8.025500298,7.740099907,7.158199787,6.307099819,6.451300144,6.443699837,6.547399998,7.48789978,7.840600014,7.8895998,
United States,USA,5.599999905,6.800000191,7.5,6.900000095,6.118700027,5.650400162,5.451099873,5.000299931,4.510499954,4.218800068,3.992000103,4.731299877,5.783199787,5.988699913,5.528600216,5.083499908,4.623000145,4.622099876,5.784200191,9.254199982,9.633399963,8.949199677,8.069399834,7.374899864,6.167500019,5.28000021,4.86920023,4.355199814,
Uzbekistan,UZB,,,0.200000003,0.400000006,0.400000006,0.400000006,,,,,0.400000006,0.400000006,0.400000006,0.300000012,0.400000006,0.300000012,0.200000003,,,5.039999962,5.360000134,4.960000038,4.869999886,4.860000134,5.090000153,5.150000095,5.159999847,,
St. Vincent and the Grenadines,VCT,,19.77000046,,,,,,,,,,21.10000038,,,,,,,18.79000092,,,,,,,,,,
"Venezuela, RB",VEN,,9.449999809,7.690000057,6.599999905,8.56000042,10.23999977,11.77000046,,,14.52999973,13.98999977,,16.17000008,16.78000069,,10.66259956,8.605799675,7.279099941,6.245100021,6.097400188,7.112199783,6.901800156,6.600599766,,,,,,
British Virgin Islands,VGB,,3.289999962,,,,,,,,,,,,,,,,,,,,,,,,,,,
Virgin Islands (U.S.),VIR,,,,,,,,,,,,,,,,,,,,,,,,,,,,,
Vietnam,VNM,,,,,,,1.929999948,2.869999886,2.289999962,2.329999924,2.25999999,2.75999999,2.119999886,2.25,2.140000105,,,,,1.736799955,1.113600016,0.999300003,1.026900053,1.252500057,1.256100059,1.858500004,1.851500034,1.886199951,
Vanuatu,VUT,,,,,,,,,,,,,,,,,,,,5.460000038,,,,,,,,,
World,WLD,,,,,4.469577007,,,,,,5.103346072,,,,,5.502634058,,,,6.248785223,5.37808175,,5.343025317,,,,,,
Samoa,WSM,,2.099999905,,,,,,,,,,4.960000038,,,,,1.289999962,,,,,5.679999828,8.751999855,,8.720000267,,,,
Kosovo,XKX,,,,,,,,,,,,57,55,49.70000076,39.70000076,41.40000153,44.90000153,46.29999924,47.5,45.40000153,,,30.95000076,,35.15000153,32.93000031,27.46999931,,
"Yemen, Rep.",YEM,,,,,8.340000153,,,,,11.46000004,,,,,16.22999954,16.04999924,15.69999981,15.32999992,14.97000027,14.63000011,17.81999969,,,,13.46710014,,,,
South Africa,ZAF,,,,,,,,,25,25.37000084,30.22929955,30.89599991,33.47330093,32.45569992,29.57600021,29.25309944,28.48929977,26.66620064,22.4326992,23.53829956,24.6928997,24.65299988,24.73159981,24.56879997,24.89760017,25.15600014,26.55069923,27.32659912,
Zambia,ZMB,15,18.89999962,,19.70000076,,,15.30000019,,12,,12.93000031,,,,,15.89999962,,,7.929999828,,13.18999958,,7.849999905,,,,,,
Zimbabwe,ZWE,,,,,4.960000038,,,6.929999828,,6,,,,,4.389999866,,,,,,,5.368100166,,,11.31999969,,,,
