Country Name,Country Code,1990,1991,1992,1993,1994,1995,1996,1997,1998,1999,2000,2001,2002,2003,2004,2005,2006,2007,2008,2009,2010,2011,2012,2013,2014,2015,2016,2017
Aruba,ABW,6.08,6.079999924,6.17,6.260000076,6.449999809,6.7,6.950000191,7.449999809,7.053333505,6.993333467,6.920000076,6.900000095,6.8,6.5,6.4,6.3,6.2,5.710000038,7,8,10.60000038,8.899999619,8.7,8.6,8.5,8.4,8.3,8.2
Albania,ALB,9.5,9.100000381,26.5,22.29999924,18.39999962,12.89999962,12.30000019,14.89999962,17.70000076,18.39999962,16.79999924,16.39999962,15.80000019,15,14.39999962,14.10000038,13.80000019,15.96630001,13.05990028,13.67389965,14.08600044,13.48089981,13.37590027,15.86590004,17.48999977,17.07999992,16.67000008,13.75
Arab World,ARB,10.53319784,10.51165452,10.49011119,10.46856787,10.44702454,10.42548122,10.4039379,10.38239457,10.36085125,10.33930793,10.3177646,10.29622128,10.27467795,10.25313463,10.23159131,10.21004798,10.53498256,9.706491955,9.946508881,9.555892199,9.34342477,11.19781795,10.74010228,10.28238662,10.64544837,9.9,9.629046987,9.358093975
Argentina,ARG,7.059999943,5,6.360000134,10.10000038,11.76000023,18.79999924,17.11000061,14.81999969,12.64999962,14.05000019,15,17.31999969,19.59000015,15.35999966,13.52210045,11.50590038,10.07750034,8.470000267,7.83739996,8.645299911,8.492866357,8.580516179,8.668166002,8.755815824,8.843465646,8.931115468,9.018765291,8.347399712
Armenia,ARM,,2.8,1.799999952,5.300000191,6.599999905,6.699999809,9.300000191,10.80000019,9.399999619,11.19999981,10.86666616,11.06666597,11.26666578,11.46666559,10.81229973,9.812299728,9.212299728,9.812299728,17.86460114,18.43630028,19.00799942,18.42370033,17.30130005,16.17889977,15.32555008,14.36458015,13.40361023,12.4426403
Australia,AUS,6.926000118,9.579199791,10.72879982,10.87380028,9.718700409,8.46930027,8.506199837,8.362199783,7.675600052,6.872300148,6.282599926,6.742300034,6.367599964,5.92869997,5.39470005,5.03249979,4.782299995,4.376999855,4.234200001,5.56069994,5.211299896,5.081099987,5.223599911,5.662000179,6.07679987,6.054200172,5.709899902,5.591199875
Austria,AUT,,2.574889941,2.69896161,2.82303328,2.947104949,3.071176619,3.195248289,3.319319958,3.443391628,3.567463297,3.691534967,3.815606636,3.939678306,4.063749976,4.187821645,4.311893315,4.435964984,4.560036654,4.684108324,5.301400185,4.820000172,4.563799858,4.864999771,5.334799767,5.619699955,5.722700119,6.013800144,5.499000072
Azerbaijan,AZE,0.109999999,0.109999999,0.170000002,0.519999981,0.649999976,0.800000012,0.899999976,1.029999971,1.129999995,1.345714266,1.497261883,1.648809501,1.800357118,1.951904735,2.103452352,2.254999969,2.406547586,2.558095203,2.709642821,5.75,5.670000076,5.519999981,5.269999981,5.059999943,4.940000057,4.880000114,4.980000019,5
Bangladesh,BGD,2.200000048,2.200000048,2.200000048,2.200000048,2.200000048,2.200000048,2.50999999,2.50999999,2.50999999,2.50999999,3.269999981,3.269999981,3.269999981,4.320000172,4.320000172,4.25,3.590600014,3.590600014,3.590600014,5,3.378900051,3.378900051,3.378900051,4.426199913,4.426199913,4.426199913,4.349999905,4.372300148
Bulgaria,BGR,1.700000048,11.10000038,15.30000019,16.39999962,12.80000019,11.10000038,12.5,13.97743924,13.71407429,13.45070934,13.18734439,12.92397944,12.66061449,12.39724954,12.13388459,11.87051964,11.60715469,11.34378974,11.08042479,6.816599846,10.27939987,11.25959969,12.26990032,12.94079971,11.42380047,9.143300056,7.57460022,6.164400101
Bahrain,BHR,5.599999905,5.599999905,5.599999905,5.599999905,5.599999905,5.599999905,5.599999905,5.599999905,5.599999905,5.599999905,5.599999905,5.599999905,5.599999905,5.599999905,5.599999905,5.599999905,5.599999905,5.599999905,3.700000048,4,4,4,4,4,4,4,4,4
"Bahamas, The",BHS,7.769999981,12.17000008,14.81000042,12.72000027,13.82999992,10.82999992,11.46000004,9.760000229,7.650000095,7.449999809,7.449999809,6.869999886,9.050000191,10.84000015,10.19999981,10.19999981,7.539999962,7.880000114,8.180000305,14.25,11.16133359,14.52000046,14.02000046,16.18000031,13.80000019,12,12.69999981,13.39999962
Belarus,BLR,,0.050000001,0.5,1.399999976,2.099999905,2.900000095,4,2.799999952,2.299999952,2.099999905,2.099999905,2.299999952,3,3.099999905,1.899999976,1.5,1.200000048,1,0.800000012,6.099999905,0.633333365,0.600000024,0.5,0.5,0.5,1,5.840000153,5.650000095
Belize,BLZ,9.779999733,9.779999733,9.779999733,9.779999733,11.10000038,12.47999954,13.81999969,12.68000031,14.31000042,12.84000015,11.36999989,9.069999695,10.03999996,10.4,10.76000004,10.90999985,9.390000343,8.510000229,8.180000305,9.9,11.61999969,13.33999939,14.27000046,8.349100113,8.243900299,7.578199863,7.000400066,6.595499992
Bermuda,BMU,4.480000019,4.480000019,4.480000019,4.480000019,4.480000019,4.480000019,4.480000019,4.480000019,4.480000019,4.480000019,4.480000019,4.480000019,4.480000019,4.480000019,4.480000019,4.480000019,4.480000019,4.480000019,4.480000019,4.480000019,6.489999771,6.489999771,8.43999958,6.659999847,8.93999958,8.513333003,8.763333003,9.013333003
Bolivia,BOL,6.590000153,6.590000153,6.590000153,5.989999771,3.079999924,3.690000057,5.230000019,2.079999924,3.390000343,3.930000067,4.46999979,3.423214359,3.298928664,3.174642969,3.050357274,1.823400021,2.083400011,2.343400002,2.603399992,2.863399982,3.123399973,2.218600035,2.047899961,2.393899918,2.006500006,3.065999985,2.842599964,3.007939959
Brazil,BRA,6.8,6.6,6.420000076,6.03000021,6.2,6.420499802,7.253399849,8.158399582,9.422800064,10.20829964,9.849900246,9.6104002,9.370900154,9.991000175,9.105199814,9.567700386,8.639499664,8.327300072,7.342599869,8.522100449,7.53,6.916999817,6.73829937,7.95609951,9.173899651,10.39169979,11.60949993,12.82730007
Barbados,BRB,8.159999847,7.519999981,22.94000053,24.54000092,22.97999954,19.65999985,14.71000004,14.60999966,12.39999962,10.60999966,9.350000381,9.850000381,10.31999969,11,9.569999695,9.079999924,8.729999542,7.409999847,8.119999886,10.02000046,10.68999958,11.18999958,11.59000015,11.55000019,12.17000008,11.35000038,9.720000267,10.89285769
Bhutan,BTN,1.399999976,1.399999976,1.399999976,1.399999976,1.399999976,1.399999976,1.399999976,1.399999976,1.399999976,1.399999976,1.399999976,1.899999976,1.109999895,1.799999952,2.49000001,3.978571531,3.130000114,3.700000048,3.8,3.960000038,3.319999933,3.230000019,2.049999952,2.869999886,2.630000114,2.450000048,2.03428575,1.810357187
Botswana,BWA,13.81999969,13.81999969,13.81999969,13.81999969,13.81999969,13.81999969,21.57999992,21.57999992,20.86000061,20.86000061,15.88000011,18.54000092,18.54000092,23.79999924,23.79999924,23.79999924,17.79999924,17.79999924,17.79999924,16.1692009,17.86000061,17.86000061,17.86000061,17.86000061,17.86000061,17.86000061,17.86000061,17.86000061
Canada,CAN,8.131099701,10.31610012,11.19699955,11.37689972,10.39519978,9.488900185,9.619700432,9.100500107,8.278499603,7.583099842,6.828700066,7.218599796,7.664800167,7.573800087,7.185299873,6.758100033,6.320300102,6.036099911,6.13710022,8.343999863,8.055500031,7.511099815,7.291800022,7.073599815,6.91410017,6.906499863,6.998899937,6.339700222
Central Europe and the Baltics,CEB,10,10,10.56282828,11,12.23313015,11.41836482,10.83117569,9.39845604,9.05252399,10.65988209,12.56323923,12.74974165,12.93624406,14.55219776,13.67039394,12.83036261,10.66747531,8.212218691,6.979752881,8.488017867,9.90007032,9.78945213,9.978203321,10.04607408,8.951624512,7.816345497,6.488559827,5.293815822
Switzerland,CHE,4.116099834,4.116099834,4.116099834,4.116099834,4.116099834,4.116099834,4.116099834,4.116099834,4.116099834,4.116099834,4.116099834,4.116099834,4.116099834,4.116099834,4.116099834,4.116099834,4.116099834,4.116099834,4.116099834,4.116099834,4.80670023,4.407599926,4.484600067,4.74669981,4.825900078,4.800700188,4.917900085,4.796700001
Chile,CHL,5.460000038,5.230000019,5,4.489999771,4.166666349,4.699999809,4.662222015,7.136000156,7.935407674,11.15799999,10.61200047,10.39000034,10.16800022,9.946000099,10.1619997,9.340000153,8.518000603,8.427000046,9.284999847,8.6,8.424300194,6.631216733,6.659399986,6.585849905,6.664899826,6.8,6.738200188,6.958099842
China,CHN,2.5,2.299999952,2.299999952,2.599999905,2.799999952,2.900000095,3,3.099999905,3.099999905,3.099999905,3.099999905,3.599999905,4,4.300000191,4.199999809,4.199999809,4.099999905,4,4.199999809,4.300000191,4.099999905,4.099999905,4.099999905,4.050000191,4.099999905,4.083333333,4.083333333,3.900000095
Cameroon,CMR,8.06000042,8.06000042,8.06000042,8.06000042,8.06000042,8.06000042,8.06000042,8.06000042,8.06000042,8.06000042,8.06000042,7.460000038,7.460000038,7.460000038,7.460000038,4.400000095,4.400000095,4.400000095,4.400000095,4.400000095,4.110000134,4.110000134,4.110000134,4.110000134,3.533799887,3.533799887,3.533799887,3.533799887
Colombia,COL,10.80000019,10.11999989,9.43999958,8.759999275,8.25,8.720000267,11.81000042,12.14000034,15,20.05999947,20.52000046,15.03999996,15.63300037,14.18900013,13.71700001,11.86999989,11.52,11.20400047,11.27299976,12.06599998,10.98400021,10.11089993,9.74050045,9.051699638,8.572199821,8.298999786,8.691800117,8.87250042
Comoros,COM,4.571400166,4.571400166,4.571400166,4.571400166,4.571400166,4.571400166,4.571400166,4.571400166,4.571400166,4.571400166,4.571400166,4.571400166,4.571400166,4.571400166,4.571400166,4.571400166,4.571400166,4.571400166,4.571400166,4.571400166,4.571400166,4.571400166,4.571400166,4.571400166,4.571400166,4.571400166,4.571400166,4.571400166
Costa Rica,CRI,4.511000156,5.373000145,3.927000046,3.953999996,4.045000076,5.176000118,6.162000179,5.681000233,5.327000141,5.894999981,5.081999779,5.914999962,6.334000111,6.558000088,6.390999794,6.571000099,5.739999771,4.489999771,4.781000137,7.712999821,7.170800209,10.13939953,7.762101633,7.967857976,8.17361432,8.379370663,8.585127007,8.79088335
Caribbean small states,CSS,14.83711265,15.69703474,16.55695683,17.17811444,16.15987911,15.694059,15.2699034,14.9590229,14.08628554,13.95966238,13.83303921,12.85210182,12.29188209,11.61691678,10.58668698,10.3784681,9.230778515,8.42217945,8.710504941,9.902240146,9.407581923,10.26131415,11.13751236,11.41913438,10.1249408,10.29925553,10.43512159,10.57098765
Cuba,CUB,8.270000458,8.270000458,8.270000458,8.270000458,8.270000458,8.270000458,7.610000134,7.099999905,6.230000019,6.260000229,5.449999809,4.079999924,3.309999943,2.329999924,1.853999972,1.950000048,1.912999988,1.787999988,1.582999945,1.669999957,2.5,3.180000067,3.460000038,3.289999962,2.700000048,2.400000095,2.0200001,1.643000126
Curacao,CUW,11.35071182,11.35499763,11.35928345,11.36356926,11.36785507,11.37214088,11.3764267,11.38071251,11.38499832,11.38928413,11.39356995,11.39785576,11.40214157,11.40642738,11.4107132,11.41499901,11.41928482,11.42357063,11.42785645,11.43214226,11.43642807,9.779999733,,13.02999973,12.60999966,11.71000004,11.13000011,10.47000027
Cayman Islands,CYM,5.469110966,5.909999847,7.207333088,7.21999979,5.739999771,4.940000057,5.099999905,4.139999866,4.170000076,4.200000286,4.230000496,7.539999962,5.369999886,3.609999895,3.450000048,3.539999962,2.619999886,3.829999924,3.970000029,6.039999962,6.33,6.78000021,6.210000038,6.269999981,4.699999809,4.239999771,3.66299963,3.003999519
Cyprus,CYP,1.799999952,3,2.76666681,2.700000048,2.700000048,2.599999905,3.099999905,3.400000095,3.299999952,3.199999809,3.099999666,2.999999523,3.163239837,3.382809877,3.602379918,3.821949959,4.542900085,3.921999931,3.654700041,5.363900185,6.262800217,6.262800217,11.79520035,15.87069988,16.08799934,14.90839958,12.94979954,11.05150032
Czech Republic,CZE,0.699999988,2,2.599999905,3.268502426,3.480602264,3.692702103,3.904801941,4.116901779,4.329001617,4.541101456,4.753201294,4.965301132,5.17740097,5.389500809,5.601600647,5.813700485,6.025800323,6.237900162,6.45,6.662099838,7.279099941,6.711100101,6.978199959,6.952700138,6.107900143,5.04640007,3.951400042,2.889800072
Germany,DEU,4.890299797,4.922799377,5.079399414,5.235999451,5.392599487,5.549199524,5.705799561,5.862399597,6.018999634,6.17559967,6.332199707,6.488799744,6.64539978,6.801999817,6.958599854,7.11519989,7.271799927,7.428399963,7.585,7.741600037,6.966400146,5.824399948,5.379399776,5.23059988,4.98059988,4.624199867,4.121799946,3.745500088
Dominica,DMA,9.529999733,9.529999733,9.529999733,9.529999733,9.529999733,9.529999733,9.529999733,23.18000031,23.18000031,15.67000008,15.67000008,10.96000004,10.96000004,10.96000004,10.96000004,10.96000004,10.96000004,10.96000004,10.96000004,10.96000004,10.96000004,10.96000004,10.96000004,10.96000004,10.96000004,10.96000004,10.96000004,10.96000004
Denmark,DNK,3.882226834,3.996898744,4.111570653,4.226242562,4.340914472,4.455586381,4.57025829,4.6849302,4.799602109,5.141499996,4.475999832,4.9089007,5.0462006,5.1835005,5.3208004,5.4581003,5.5954002,5.7327001,5.87,6.0072999,7.463600159,7.572700024,7.525800228,6.99669981,6.58920002,6.168300152,6.180699825,5.7427001
Dominican Republic,DOM,6.569551912,6.556524631,6.543497351,6.53047007,6.517442789,6.504415508,6.491388227,6.478360946,6.465333666,6.452306385,6.432400227,7.261799812,7.572499752,6.937699795,6.302899837,6.586599827,5.654500008,5.157700062,4.76429987,5.466599941,5.211999893,6.086900234,6.722000122,7.351500034,6.718900204,6.927700202,6.926150242,5.831699848
Algeria,DZA,21.26000023,20.60000038,24.37999916,26.22999954,27.73999977,31.84000015,28.63500023,25.43000031,28.63500023,26.43000031,29.77000046,27.29999924,25.89999962,23.71999931,17.64999962,15.27000046,12.27000046,13.78999996,11.32999992,10.15999985,9.960000038,9.960000038,10.97000027,9.819999695,10.20720005,11.20610046,10.20240021,9.198699951
East Asia & Pacific (excluding high income),EAP,2.605647982,2.588158173,2.543591442,2.797556489,2.971111581,3.059133612,3.169860425,3.331304328,3.538553502,3.606580924,3.59330537,3.772545995,4.336591135,4.311273675,4.293679906,4.455071893,4.347140232,4.294132865,4.396974741,4.217519672,3.927397096,3.871939516,3.818541617,3.747507146,3.757556997,3.767606849,3.7776567,3.733494366
Early-demographic dividend,EAR,4.442451136,4.442451136,4.442451136,4.442451136,4.442451136,4.442451136,4.442451136,4.442451136,4.442451136,4.442451136,5.357333391,5.357333391,5.357333391,5.357333391,5.357333391,5.575374749,5.575374749,5.575374749,5.575374749,5.575374749,4.536766698,4.536766698,4.838415297,4.838415297,4.838415297,4.838415297,4.838415297,4.838415297
East Asia & Pacific,EAS,2.612973579,2.628586134,2.609028275,2.869867589,3.030242091,3.110692887,3.214520587,3.366562655,3.697946506,3.782265573,3.714758538,3.888323204,4.410614893,4.384232866,4.323017416,4.442603777,4.31373727,4.23945605,4.334534106,4.273808799,4.004431517,3.909590423,3.845642792,3.765529221,3.76551233,3.765495438,3.765478547,3.700403916
Europe & Central Asia (excluding high income),ECA,8.432974455,8.399245672,5.652935957,6.323037607,7.610497906,7.840796423,8.464825421,9.414747753,10.58314088,11.03025087,8.960823435,8.420477048,8.264827384,8.250309571,8.07282739,7.564934796,7.36763421,7.226746574,7.327242849,8.988436052,8.468335998,7.597887567,6.947834543,7.085468725,7.109157383,7.347374107,7.404985021,7.216049029
Ecuador,ECU,8.473333041,8.18999958,8.56000042,7.949999809,6.679999828,6.699999809,10.38000011,9.170000076,11.48999977,13.96000004,4.799499989,4.251699924,4.689,5.66230011,5.00180006,3.77850008,3.549700022,3.142299891,3.91689992,4.607699871,4.087500095,3.457999945,3.234899998,3.082600117,3.479799986,3.615700006,4.597000122,3.836199999
"Egypt, Arab Rep.",EGY,8.430000305,9.380000114,8.920000076,10.92000008,10.93000031,11.03999996,9,8.369999886,8.029999733,7.949999809,8.979999542,9.260000229,10.01000023,11.01000023,10.31999969,11.19999981,10.48999977,8.800000191,8.516799927,9.086700439,8.756500244,11.84930038,12.59720039,13.15380001,13.10490036,13.05220032,12.40670013,11.73729992
Euro area,EMU,10.50868124,10.50775547,10.5068297,10.50590392,10.50497815,10.50405238,10.50312661,10.50220084,10.50127506,10.50034929,10.49942352,10.49849775,10.49757197,10.4966462,10.49572043,10.49479466,10.49386889,10.49294311,10.49201734,9.48067254,10.04320961,10.12538183,11.29502242,11.93111504,11.60252002,10.83439147,10.02547782,9.048705579
Spain,ESP,22.33361689,22.29662196,22.25962702,22.22263209,22.18563716,22.14864222,22.11164729,22.07465235,22.03765742,22.00066249,21.96366755,21.92667262,21.88967768,21.85268275,21.81568782,21.77869288,21.74169795,21.70470301,21.66770808,17.8567009,19.85969925,21.39049911,24.78720093,26.09359932,24.44129944,22.05730057,19.63470078,17.22360039
Estonia,EST,0.637000024,1.42299881,3.481999207,5.540999603,7.6,9.659000397,9.914999962,10.36919975,13.10318658,12.79933753,12.49548848,12.19163943,11.88779038,11.58394133,11.28009227,10.97624322,10.67239417,4.592000008,5.454899788,13.54819965,16.7071991,12.32769966,10.02110004,8.630700111,7.351799965,6.186600208,6.761700153,5.760399818
Ethiopia,ETH,3.099999905,3.099999905,3.099999905,3.099999905,3.099999905,3.099999905,3.099999905,3.099999905,3.099999905,3.713700056,3.713700056,3.713700056,3.713700056,3.713700056,3.713700056,2.496900082,2.496900082,2.496900082,2.496900082,2.496900082,2.496900082,2.496900082,2.496900082,2.25090003,2.25090003,2.25090003,2.25090003,2.25090003
European Union,EUU,7.821106192,7.879801652,7.938497112,7.997192572,8.055888032,8.114583492,8.173278952,8.231974412,8.290669872,8.349365332,8.408060792,8.466756252,8.525451712,8.584147172,8.642842632,8.701538093,8.760233553,8.818929013,6.446768936,8.87329299,9.514164819,9.606799024,10.41950425,10.81745279,10.20633766,9.382520157,8.537958564,7.612741244
Finland,FIN,3.069000006,6.502999783,11.59500027,16.20100021,16.4260006,16.65100098,15.57180023,14.96749973,13.21450043,11.69330025,10.15829945,10.29049969,10.42269993,10.46930027,10.35779953,8.383600235,7.718900204,6.854000092,6.368599892,8.249500275,8.394399643,7.781000137,7.689099789,8.193400383,8.663000107,9.375900269,8.818400383,8.640199661
Fiji,FJI,5.754999876,5.929999828,5.349999905,5.880000114,5.699999809,5.400000095,5.78000021,6.160000324,6.540000439,6.920000553,7.300000668,7.680000782,8.060000896,8.220000267,4.699999809,3.885999918,4.9,5.914000082,8.93999958,8.720000267,8.909999847,4.405499935,9,7.52850008,6.170000076,4.811500072,4.319499969,3.827499866
France,FRA,7.940299988,9.13409996,10.2052002,11.32129955,12.59280014,11.8355999,12.36730003,12.56620026,12.07489967,11.98079967,10.21720028,8.6104002,8.701700211,8.306500435,8.913599968,8.493499756,8.447799683,7.656700134,7.063399792,8.736300468,8.871299744,8.81099987,9.40019989,9.920599937,10.29220009,10.3593998,10.05679989,9.397199631
Faroe Islands,FRO,4.170000076,4.170000076,4.170000076,4.170000076,4.170000076,4.170000076,4.170000076,4.170000076,4.170000076,4.170000076,4.170000076,4,4,3.849999905,3.700000048,3.700000048,3.700000048,3.700000048,3.700000048,3.700000048,3.700000048,3.700000048,3.700000048,3.700000048,3.700000048,3.700000048,3.700000048,3.700000048
"Micronesia, Fed. Sts.",FSM,8.862500191,8.862500191,8.862500191,8.862500191,8.862500191,8.862500191,8.862500191,8.862500191,8.862500191,8.862500191,8.862500191,8.862500191,8.862500191,8.862500191,8.862500191,8.862500191,8.862500191,8.862500191,8.862500191,8.862500191,8.862500191,8.862500191,8.862500191,8.862500191,8.862500191,8.862500191,8.862500191,8.862500191
Gabon,GAB,17.78000069,17.78000069,17.78000069,17.78000069,17.78000069,17.78000069,17.78000069,17.78000069,17.78000069,17.78000069,17.78000069,17.78000069,17.78000069,17.78000069,17.78000069,16.90999985,16.90999985,16.90999985,16.90999985,16.90999985,20.38999939,20.38999939,20.38999939,20.38999939,20.38999939,20.38999939,20.38999939,20.38999939
United Kingdom,GBR,13.1980586,12.90012888,12.60219917,12.30426945,12.00633974,11.70841002,11.41048031,11.11255059,10.81462088,10.51669116,10.21876145,9.920831735,9.622902021,9.324972306,9.027042591,8.729112877,8.431183162,8.133253447,5.614999771,7.53730011,7.786600113,8.037400246,7.885300159,7.525100231,6.110499859,5.301199913,4.813199997,4.334799767
Georgia,GEO,2.399999523,2.399999619,2.399999714,2.399999809,2.399999905,2.4,2.400000095,5,6.059999084,7.149999313,8.239999542,9.329999771,10.42,11.51000023,12.61999989,13.81000042,13.56999969,13.27999973,17.87000084,20.71019936,20.20269966,19.63170052,19.65309906,19.41580009,17.43849945,16.50589943,16.60390091,13.93889999
Ghana,GHA,4.699999809,4.699999809,4.699999809,4.699999809,4.699999809,4.699999809,4.699999809,4.699999809,8.199999809,10.10000038,10.35999966,10.35999966,10.35999966,10.35999966,10.35999966,10.35999966,4.635300159,4.635300159,4.635300159,4.635300159,5.320000172,5.320000172,5.320000172,2.172899961,2.172899961,6.806200027,6.806200027,6.806200027
Gibraltar,GIB,6.440000057,6.440000057,6.440000057,6.440000057,6.440000057,6.440000057,6.440000057,6.440000057,6.440000057,6.440000057,6.440000057,6.440000057,6.440000057,6.440000057,6.440000057,6.440000057,6.440000057,6.440000057,6.440000057,6.440000057,6.440000057,6.440000057,6.440000057,6.440000057,6.440000057,6.440000057,6.440000057,6.440000057
Guinea,GIN,4.548799992,4.548799992,4.548799992,4.548799992,4.548799992,4.548799992,4.548799992,4.548799992,4.548799992,4.548799992,4.548799992,4.548799992,4.548799992,4.548799992,4.548799992,4.548799992,4.548799992,4.548799992,4.548799992,4.548799992,4.548799992,4.548799992,4.548799992,4.548799992,4.548799992,4.548799992,4.548799992,4.548799992
Greece,GRC,7.024099827,7.534599713,7.842899799,8.612999916,8.862799644,9.062000275,9.655099869,9.577199936,10.83940029,11.85280037,11.24779987,10.64279938,9.974599838,9.412099838,10.31070042,9.993800163,9.007699966,8.396499634,7.759699821,9.61590004,12.71310043,17.86470032,24.43930054,27.46619987,26.49139977,24.89710045,23.53910065,21.48760033
Grenada,GRD,13.90999985,13.90999985,13.90999985,13.90999985,26.93000031,26.93000031,16.88999939,16.88999939,15.23999977,15.23999977,15.23999977,15.23999977,15.23999977,15.23999977,15.23999977,15.23999977,15.23999977,15.23999977,15.23999977,15.23999977,15.23999977,15.23999977,15.23999977,24.20000076,24.5,22.89999962,22.89999962,22.89999962
Greenland,GRL,11.16440333,11.05684904,10.94929475,10.84174046,10.73418617,10.62663188,12.92000008,10.07999992,11.56000042,9.029999733,11.02000046,9.529999733,8.819999695,10.30000019,10.43999958,9.25,8.399999619,7.874999523,7.185999393,6.496999264,7.800000191,9.399999619,9.800000191,10.10000038,10.30000019,9.100000381,8.833333651,8.333333651
Guatemala,GTM,3.730340709,3.695435343,3.660529976,3.62562461,3.590719243,3.555813877,3.520908511,3.486003144,3.451097778,3.416192412,3.381287045,3.346381679,3.311476312,2.806799889,2.970799923,3.013600349,3.110200262,3.206800175,3.303400087,3.4,3.496599913,4.126200199,2.764699936,3.016499996,2.716700077,2.506200075,2.582999945,2.461999893
Guam,GUM,2.831199884,3.50909996,3.837300062,5.527200222,7.599999905,7.900000095,8.282699585,9.670000076,7.739999771,13.94999981,11.31793348,13.21259975,11.39000034,9.567400932,7.699999809,7,7.400000095,8.300000191,9.200000286,9.300000191,8.199999809,13.30000019,12.19999981,11.5,7.599999905,6.900000095,5.400000095,5.400000095
High income,HIC,7.235615345,7.166456707,6.79867992,7.260503818,7.103319832,6.90610044,6.918722988,6.559081823,6.813484838,6.881239052,6.553092465,6.830767589,6.97891406,7.348492958,7.007440167,6.569391541,5.892828169,5.411689537,5.650336509,8.013916535,8.328622178,8.039093863,8.035119171,8.0334639,7.36882712,6.730613596,6.184433498,5.756401499
"Hong Kong SAR, China",HKG,1.25,1.799999952,1.960000038,1.960000038,1.899999976,3.220000029,2.829999924,2.220000029,4.579999924,6.25,4.920000076,5.090000153,7.28000021,7.860000134,6.739999771,5.579999924,4.769999981,4.010000229,3.559999943,5.260000229,4.309999943,3.420000076,3.289999962,3.400000095,3.299999952,3.319999933,3.390000105,3.089999914
Honduras,HND,4.78000021,4.579999924,3.059999943,3.411999989,3.498999977,3.24000001,4.369999886,3.319999933,4.019999981,3.849999905,4.020999908,4,4.019999981,5.300000191,5.989999771,4.908699989,3.574500084,3.210500002,3.156399965,3.291699886,4.118700027,4.474500179,3.754499912,4.096000195,5.48789978,4.591599941,4.668200016,4.047999859
Croatia,HRV,,11.14000034,11.46750266,11.57405848,11.68061431,11.78717014,9.680000305,9.710000038,11.39179993,13.55889988,16.06369972,15.60206699,15.05259991,13.92380047,13.66399956,12.59780025,11.12959957,9.90929985,8.53030014,9.2020998,11.62030029,13.67800045,15.93459988,17.25110054,17.28969955,16.17519951,13.10340023,11.20810032
Hungary,HUN,1.700000048,8.5,7.432159615,7.273339653,7.114519691,6.95569973,6.796879768,6.638059807,6.479239845,6.320419884,6.563099861,5.671299934,5.608200073,5.545100212,5.832099915,7.188499928,7.493899822,7.405900002,7.816999912,10.03040028,11.1718998,11.02910042,11.00300026,10.17650032,7.725299835,6.813199997,5.114900112,4.155700207
IBRD only,IBD,4.854546058,4.90974401,4.964941962,5.020139914,4.079701983,4.778352689,4.982245217,5.186137745,5.59685484,5.848719557,4.970833074,5.981724131,6.40345965,6.41266798,6.288214803,5.567676265,5.620994382,5.767220321,5.617671782,5.91178496,4.773405812,5.42373801,4.646034328,4.820354566,4.756668824,4.692983081,4.629297339,4.565611597
IDA blend,IDB,,2.713075101,2.713075101,2.713075101,2.713075101,2.713075101,2.713075101,2.713075101,2.713075101,2.713075101,2.713075101,2.713075101,2.713075101,2.713075101,2.713075101,2.713075101,2.713075101,2.713075101,2.713075101,2.713075101,2.713075101,2.713075101,2.713075101,3.522286878,3.741994428,4.110199845,4.110199845,4.110199845
Indonesia,IDN,2.50999999,2.539999962,2.670000076,2.733333429,2.813333472,2.893333515,4.369999886,4.679999828,5.460000038,6.300000191,6.077499866,6.08220005,6.604000092,6.65749979,7.302800179,7.9447999,7.550600052,8.060199738,7.208499908,6.105899811,5.613500118,5.15320015,4.468200207,4.335800171,4.048600197,4.513999939,4.300700188,4.184800148
Isle of Man,IMN,2.099999905,4.550000191,4.300000191,4.900000095,4.699999809,4.400000095,3.7,2.999999905,2.299999809,0.800000012,0.600000024,0.400000036,0.5,0.800000012,1,1.399999976,1.399999976,1.399999976,1.399999976,1.9,2.400000024,3.299999952,3,2.598130465,1.980000019,2,2.667321205,3.33464241
India,IND,2.590899944,2.590899944,2.590899944,2.590899944,2.590899944,2.590899944,2.590899944,2.590899944,2.590899944,2.590899944,2.730600119,2.730600119,2.730600119,2.730600119,2.730600119,3.101999998,3.101999998,3.101999998,3.101999998,3.101999998,2.443599939,2.443599939,2.689800024,2.689800024,2.689800024,2.689800024,2.689800024,2.689800024
Ireland,IRL,14.08870029,15.77519989,15.03030014,15.58699989,14.56980038,11.98349953,11.71749973,10.20300007,7.698699951,5.80369997,4.317699909,3.683399916,4.215400219,4.478099823,4.490699768,4.342400074,4.414599895,4.980100155,6.773600101,12.60900021,14.53289986,15.35280037,15.45259953,13.7446003,11.85610008,9.903599739,8.366499901,6.710499763
"Iran, Islamic Rep.",IRN,11.09924911,11.10000038,11.20656442,11.22495115,11.24333789,11.26172462,9.100000381,11.75746883,11.737608,11.71774718,11.69788635,11.67802553,12.80000019,11.28696988,10.30000019,12.10000038,11.19999981,10.60000038,10.47999954,11.97000027,13.52000046,12.44999981,12.63000011,10.43999958,10.56999969,11.06000042,12.43000031,12.10000038
Iraq,IRQ,8.649000168,8.649000168,8.649000168,8.649000168,8.649000168,8.649000168,8.649000168,8.649000168,8.649000168,8.649000168,8.649000168,8.649000168,8.649000168,8.649000168,8.649000168,8.649000168,8.649000168,8.649000168,8.649000168,8.649000168,8.649000168,8.649000168,7.964700222,7.964700222,10.59000015,10.59000015,10.81999969,13.02000046
Iceland,ISL,,2.548000097,4.304999828,5.256999969,5.326000214,5.195600033,3.600399971,3.720299959,3.069400072,2.178100109,1.936400056,1.873600006,2.988199949,3.997100115,4.030799866,2.546999931,2.829799891,2.2506001,2.945600033,7.220399857,7.56430006,7.028100014,6.000199795,5.376399994,4.897200108,3.979199886,2.977900028,2.741899967
Israel,ISR,12.24100018,13.38700008,14.07999992,12.74100018,9.934000015,8.781999588,8.454999924,9.751000404,10.7489996,11.18299961,11.10200024,11.81200027,12.88799953,13.50500011,13.02900028,11.34200001,10.70699978,9.37899971,7.703999996,9.534000397,8.479999542,7.138999939,6.856999874,6.208000183,5.889999866,5.250999928,4.797999859,4.215000153
Italy,ITA,,10.01764954,10.95569244,10.23989964,15.03689253,14.32109972,13.60530691,12.88951411,12.11870003,11.68999958,10.84179974,9.595100403,9.207500458,8.865699768,7.865600109,7.730500221,6.776599884,6.075399876,6.723199844,7.748600006,8.362500191,8.359000206,10.65450001,12.14869976,12.68280029,11.89599991,11.6882,11.2105999
Jamaica,JAM,15.72000027,15.73999977,15.75,16.31999969,15.34000015,16.22999954,16.01000023,16.35000038,15.5,15.73999977,15.53909969,14.93000031,14.19050026,11.73999977,11.43999958,11.26319981,10.32479954,9.745300293,10.32999992,11.36229992,12.36590004,12.69999981,13.93019962,15.25059986,13.73999977,13.51130009,13.19180012,11.6552
Jordan,JOR,,21.50000191,19.94000149,19.70000076,15.50000095,14.60000038,13.69999981,12.79999924,11.89999866,10.99999809,13.69999981,14.69999981,15.30000019,14.5,15.30000019,14.80000019,14,13.10000038,12.69999981,12.89999962,12.5,12.89999962,12.19999981,12.60000038,11.89999962,13.07499981,15.27499962,13.82410693
Japan,JPN,2.099999905,2.099999905,2.200000048,2.5,2.900000095,3.200000048,3.400000095,3.400000095,4.099999905,4.699999809,4.699999809,5,5.400000095,5.300000191,4.699999809,4.400000095,4.099999905,3.900000095,4,5.099999905,5.099999905,4.520999908,4.300000191,4,3.599999905,3.400000095,3.099999905,2.799999952
Kazakhstan,KAZ,0.050000001,0.050000001,0.400000006,0.750000011,1.100000016,1.450000022,1.800000027,2.150000032,2.500000037,2.850000042,3.200000048,3.550000053,3.900000058,4.250000063,4.600000069,4.950000074,5.300000079,5.650000084,6.000000089,6.550000191,5.769999981,5.389999866,5.289999962,5.199999809,5.059999943,4.929999828,4.960000038,4.900000095
Kyrgyz Republic,KGZ,10.35092536,10.24525973,10.1395941,10.03392847,9.928262846,9.822597217,9.716931587,9.611265958,9.505600329,9.3999347,7.539999962,7.840000153,12.55000019,9.920000076,8.529999733,8.109999657,8.270000458,8.100000381,8.220000267,8.409999847,8.640000343,8.529999733,8.430000305,8.330000877,8.050000191,7.559999943,7.210000038,6.889999866
Cambodia,KHM,0.839999974,0.839999974,0.839999974,0.839999974,0.839999974,0.839999974,0.839999974,0.886100125,0.923200111,0.960300097,0.997400084,1.03450007,1.071600056,1.108700042,1.145800028,1.182900014,1.22,1.257099986,0.643399974,0.578599989,0.770600021,0.577400029,0.551833332,0.4375,0.691699982,0.393099993,0.716199994,0.624833335
Kiribati,KIR,14.64999962,14.64999962,14.64999962,14.64999962,14.64999962,14.64999962,14.64999962,14.64999962,14.64999962,14.64999962,14.64999962,14.64999962,14.64999962,14.64999962,14.64999962,14.64999962,14.64999962,14.64999962,14.64999962,14.64999962,30.57999992,30.57999992,30.57999992,30.57999992,30.57999992,9.334500313,9.334500313,9.334500313
St. Kitts and Nevis,KNA,5.139999866,5.139999866,5.139999866,5.139999866,5.139999866,5.139999866,5.139999866,5.139999866,5.139999866,5.139999866,5.139999866,5.119999886,5.119999886,5.119999886,5.119999886,5.119999886,5.119999886,5.119999886,5.119999886,5.119999886,5.119999886,5.119999886,5.119999886,5.119999886,5.119999886,5.119999886,5.119999886,5.119999886
"Korea, Rep.",KOR,2.453999996,2.407000065,2.513000011,2.878000021,2.476000071,2.062999964,2.048000097,2.60800004,6.962999821,6.342000008,4.400000095,4,3.299999952,3.599999905,3.700000048,3.700000048,3.5,3.200000048,3.200000048,3.599999905,3.700000048,3.400000095,3.200000048,3.099999905,3.5,3.599999905,3.700000048,3.700000048
Latin America & Caribbean (excluding high income),LAC,6.307572499,7.023872376,6.219360653,5.41484893,6.970359358,7.017848948,7.623227354,7.391772536,8.374741286,9.027674532,9.680607778,8.016001371,8.684143672,8.650398687,7.699196401,7.850851479,6.677517983,7.05158211,6.353769253,7.439745326,7.277870961,6.476815805,6.852327421,6.829784331,6.807241241,6.784698151,8.36868038,8.742830085
Liberia,LBR,2.26609993,2.26609993,2.26609993,2.26609993,2.26609993,2.26609993,2.26609993,2.26609993,2.26609993,2.26609993,2.26609993,2.26609993,2.26609993,2.26609993,2.26609993,2.26609993,2.26609993,2.26609993,2.26609993,2.26609993,2.26609993,2.26609993,19.51939964,19.51939964,10.69849968,2.078900099,3.080600023,3.080600023
Libya,LBY,19.03000069,19.03000069,19.03000069,19.03000069,19.03000069,19.03000069,19.03000069,19.03000069,19.03000069,19.03000069,19.03000069,19.03000069,19.03000069,19.03000069,19.03000069,19.03000069,19.03000069,19.03000069,19.03000069,19.03000069,19.03000069,19.03000069,19.03000069,19.03000069,19.03000069,19.03000069,19.03000069,19.03000069
St. Lucia,LCA,16.79999924,16.79999924,16.79999924,16.79999924,14.85420355,15.11444678,15.37469001,15.63493324,15.89517647,16.15541969,16.41566292,16.67590615,16.93614938,22.18000031,20.96999931,18.70000076,16,14,12.72000027,15.36999989,18.0199995,18.86000061,19.05999947,22.20999908,23.39333153,24.08959961,21.26269913,18.43579865
Latin America & Caribbean,LCN,4.607806342,5.073629694,6.38345338,6.044815033,8.178869736,8.065683581,8.506027634,8.116076375,8.831058982,9.554754376,10.27844977,8.943808044,9.786241898,9.299046411,8.33806574,8.235541279,7.04033734,7.216621515,6.570129349,7.530563545,8.490997741,6.446653333,6.870011847,7.218593457,7.567175067,7.915756677,8.264338288,8.612919898
Liechtenstein,LIE,0.150000006,0.519999981,0.75999999,1.360000014,1.019999981,0.899999976,1.600000024,1.340000033,1.779999971,1.779999971,1.269999981,1.120000005,1.450000048,2.109999895,2.400000095,2.660000086,2.460000038,2.00999999,2.540718981,2.652081212,2.763443443,2.874805675,2.986167906,3.097530138,3.208892369,3.3202546,3.431616832,3.542979063
Sri Lanka,LKA,15.89999962,14.66139984,14.54999828,13.78999901,13.02999973,12.27000046,11.35000038,10.60000038,9.170000076,8.880000114,7.739999771,7.900000095,8.760000229,8.220000267,8.380000114,7.670000076,6.5,5.96999979,5.21999979,5.849999905,4.78399992,4.1177001,3.880000114,4.24119997,4.193699837,4.518799782,4.242499828,4.367133141
Late-demographic dividend,LTE,2.889027643,2.855540691,3.44059669,3.572610943,3.865827897,4.366120655,4.368759199,4.659806132,4.893607138,5.142822542,4.551769191,5.144698124,5.102874861,5.571755263,5.419293061,5.474975433,5.053448204,4.931461923,4.943437908,5.228406289,4.69559004,4.768304368,4.497991773,4.457011109,4.362510987,4.268010864,4.173510741,5.022447213
Lithuania,LTU,16.48999596,16.69999695,16.90999794,17.11999893,17.32999992,17.54000092,16.39999962,14.13000011,13.71100044,13.38759995,15.93109989,16.83959961,13.00800037,12.87450027,10.6843996,8.32460022,5.780399799,4.25,5.825900078,13.78499985,17.81410027,15.39039993,13.36480045,11.76990032,10.69810009,9.119999886,7.862100124,7.073200226
Luxembourg,LUX,1.607200027,1.48239994,2.029099941,2.329999924,3.479500055,2.917900085,3.286200047,2.527199984,2.763099909,2.389800072,2.345299959,1.804999948,2.620899916,3.674999952,5.113299847,4.488200188,4.730700016,4.065199852,5.060100079,5.122399807,4.360799789,4.901500225,5.140100002,5.847599983,5.852399826,6.668600082,6.290699959,5.52159977
Latvia,LVA,20.93000031,20.93000031,20.93000031,20.93000031,20.93000031,20.93000031,20.93000031,14.89999962,14.46350002,13.78969955,14.21080017,13.82110023,13.82890034,12.06110001,11.70839977,10.03299999,7.029699802,6.051599979,7.738900185,17.51469994,19.4822998,16.20639992,15.04669952,11.86740017,10.84630013,9.873000145,9.642900467,8.715000153
"Macao SAR, China",MAC,3.819999933,3.00999999,2.200000048,2.099999905,2.5,3.599999905,4.199999809,3.200000048,4.599999905,6.300000191,6.800000191,6.400000095,6.300000191,6,4.900000095,4.099999905,3.799999952,3.200000048,3,3.579999924,2.839999914,2.559999943,1.970000029,1.820000052,1.700000048,1.809999943,1.899999976,2
Morocco,MAR,15.80000019,16.97999954,15.68000031,15.68999958,14.82666651,22.86000061,17.76000023,16.67000008,19.12000084,13.93999958,13.57999992,12.46000004,11.59000015,11.92000008,10.82999992,11.01000023,9.670000076,9.56000042,9.569999695,8.960000038,9.090000153,8.909999847,8.989999771,9.229999542,9.699999809,9.460000038,9.300000191,9.140000343
Moldova,MDA,11.56825913,11.27813333,10.98800753,10.69788174,10.40775594,10.11763014,9.827504344,9.537378546,9.247252749,11.14000034,8.460000038,7.289999962,6.800000191,7.949999809,8.170000076,7.289999962,7.380000114,5.070000172,3.980000019,6.400000095,7.446400166,6.682199955,5.577799797,5.104300022,3.856400013,3.694200039,4.184999943,4.097599983
Middle East & North Africa,MEA,,12.46252646,12.50417798,12.39980304,12.2954281,12.19105316,12.08667822,11.98230327,11.87792833,11.77355339,11.66917845,11.56480351,12.98167553,11.19276998,11.40798183,11.62319367,10.70746906,9.895250851,9.578129191,9.808757078,10.25031318,10.75742139,11.034457,10.52682867,10.46725523,10.57008184,10.06932398,9.970955758
Mexico,MEX,1.448399901,3.046999931,3.095999956,3.213999987,4.248000145,6.888000011,5.25,4.054999828,3.572999954,2.487999916,2.562999964,2.538000107,3.002599955,3.455300093,3.936500072,3.557899952,3.565999985,3.627599955,3.87409997,5.356400013,5.303299904,5.169799805,4.887000084,4.913899899,4.809400082,4.312699795,3.858999968,3.41960001
Marshall Islands,MHL,30.90999985,30.90999985,30.90999985,30.90999985,30.90999985,30.90999985,30.90999985,30.90999985,30.90999985,30.90999985,30.90999985,30.90999985,30.90999985,30.90999985,30.90999985,25.37000084,25.37000084,25.37000084,25.37000084,25.37000084,25.37000084,4.739999771,4.739999771,4.739999771,4.739999771,4.739999771,4.739999771,4.739999771
Middle income,MIC,3.318461307,3.44483238,3.571203453,3.697574526,3.823945599,3.950316672,4.112737504,4.275158336,4.437579168,4.6,4.762420832,4.772563208,4.848375472,5.024187736,5.2,5.375812264,5.407532407,5.503766204,5.6,5.696233796,4.573096576,5.208034621,4.61678486,4.5,4.38321514,4.266430279,4.149645419,4.032860559
North Macedonia,MKD,23.60000038,24.5,26.29999924,27.70000076,30,35.59999847,38.79999924,38.43999863,36.45999908,34.47999954,32.5,30.52000046,31.94000053,36.68999863,37.16130066,37.24990082,36.02539825,34.93450165,33.76129913,32.1794014,32.0196991,31.37750053,30.53093253,28.99609947,27.74519857,26.06839943,23.72439957,22.38120079
Malta,MLT,3.900000095,3.599999905,4,4.5,4.099999905,3.700000048,4.400000095,5,5.099999905,5.300000191,5.37,5.439999809,5.509999619,5.579999428,5.649999237,5.719999046,5.789998856,5.859998665,5.97660017,6.888800144,6.847400188,6.378099918,6.307899952,6.386300087,5.804100037,5.39109993,4.978099823,4.567200184
Middle East & North Africa (excluding high income),MNA,12.48718248,12.44942466,12.41403572,12.37509347,12.33615123,12.29720899,12.25826674,12.2193245,12.18038225,12.14144001,12.10249777,12.06355552,13.7231687,12.63811893,11.95830371,12.50604496,11.21245152,10.50318805,10.44744994,10.56346869,11.11090439,11.78700689,12.02833576,11.60248811,11.6223038,12.00392808,12.00583658,12.00774509
Montenegro,MNE,30.30999947,30.30999947,30.30999947,30.30999947,30.30999947,30.30999947,30.30999947,30.30999947,30.30999947,30.30999947,30.30999947,30.30999947,30.30999947,30.30999947,30.30999947,30.30999947,19.74963244,19.39999962,17.14999962,19.09000015,19.64870071,19.67079926,19.97450066,19.49550056,17.99650002,17.54380035,17.72330093,16.07110023
Mongolia,MNG,6.487728864,6.446273418,6.404817971,6.363362525,6.321907078,6.280451632,6.238996185,6.197540738,6.156085292,6.114629845,6.073174399,6.031718952,5.990263505,5.948808059,5.907352612,5.865897166,5.824441719,7.199999809,5.564799786,5.859899998,6.549399853,4.769299984,3.904900074,4.231200218,4.798099995,4.86070013,7.235099792,6.359399796
Mauritania,MRT,9.864500046,9.864500046,9.864500046,9.864500046,9.864500046,9.864500046,9.864500046,9.864500046,9.864500046,9.864500046,9.864500046,9.864500046,9.864500046,9.864500046,9.864500046,9.864500046,9.864500046,9.864500046,9.864500046,9.864500046,9.864500046,9.864500046,9.864500046,9.864500046,9.864500046,9.864500046,9.864500046,9.864500046
Mauritius,MUS,11.14546702,10.98177734,10.81808766,10.65439798,10.4907083,10.32701862,10.16332894,9.999639259,9.835949578,9.672259898,9.508570217,9.344880537,9.181190856,9.017501176,8.337400436,9.523799896,9.040200233,8.475299835,7.910399437,7.257100105,7.653900146,7.622300148,7.472300053,7.322299957,7.467299938,7.409599781,6.813499928,6.752200127
Malawi,MWI,0.941500008,0.941500008,0.941500008,0.941500008,0.941500008,0.941500008,0.941500008,0.941500008,0.941500008,0.941500008,0.941500008,0.941500008,0.941500008,0.941500008,0.941500008,0.941500008,0.941500008,0.941500008,0.941500008,0.941500008,0.941500008,1.735999942,8.222000122,5.946499825,5.946499825,5.946499825,5.946499825,5.764100075
Malaysia,MYS,4.5,3.309999943,3.710000038,4.110000134,2.578000045,3.150000095,2.519999981,2.450000048,3.200000048,3.430000067,3,3.529999971,3.480000019,3.609999895,3.539999962,3.529999971,3.319999933,3.230000019,3.339999914,3.690000057,3.25,3.049999952,3.039999962,3.109999895,2.880000114,3.099999905,3.440000057,3.410000086
North America,NAC,5.861106635,7.162806406,7.875395995,7.352627059,6.54669682,6.031129606,5.862893531,5.404907188,4.883625449,4.553259621,4.274526723,4.981068982,5.975824525,6.153935447,5.702163046,5.258346719,4.799857365,4.770974817,5.821514304,9.157396729,9.463763748,8.793613252,7.835202747,7.341963021,6.249126266,5.457883091,5.101676326,4.572332341
Namibia,NAM,19.13999939,19.13999939,19.13999939,19.13999939,19.39999962,19.39999962,19.39999962,24.45000076,24.45000076,24.45000076,20.29999924,20.29999924,20.29999924,20.29999924,22.09000015,22.09000015,22.09000015,22.09000015,22.09000015,22.09000015,22.10000038,19,16.77079964,19.02809906,18.52070045,19.85643387,23.35180092,23
New Caledonia,NCL,18.63999939,18.63999939,18.63999939,18.63999939,18.63999939,18.63999939,18.63999939,18.63999939,18.63999939,18.63999939,18.63999939,18.63999939,18.63999939,18.63999939,16.30999947,16.30999947,16.30999947,16.30999947,16.30999947,13.97000027,13.97000027,13.97000027,13.97000027,13.97000027,14.59000015,14.59000015,14.59000015,14.59000015
Nigeria,NGA,3.76970005,3.76970005,3.76970005,3.76970005,3.76970005,3.76970005,3.76970005,3.76970005,3.76970005,3.76970005,3.76970005,3.76970005,3.76970005,3.76970005,3.76970005,3.76970005,3.76970005,3.76970005,3.76970005,3.76970005,3.76970005,3.76970005,3.76970005,3.703299999,4.562300205,4.31099987,4.31099987,4.31099987
Netherlands,NLD,7.669799805,7.28429985,5.5552001,6.284999847,7.15929985,7.15749979,6.420800209,5.51060009,4.394000053,3.622499943,2.725399971,2.119299889,2.553999901,3.593400002,4.64620018,4.723499775,3.904700041,3.17869997,2.750299931,3.412699938,4.450399876,4.977300167,5.820899963,7.243000031,7.415800095,6.872000217,6.006299973,4.838600159
Norway,NOR,5.261000156,5.407000065,5.909999847,5.965000153,5.348999977,6.307300091,5.03579998,4.686699867,3.736900091,3.246599913,3.457900047,3.738300085,4.021900177,4.220600128,4.256299973,4.380700111,3.398600101,2.493400097,2.549900055,3.102900028,3.521399975,3.214900017,3.122800112,3.423099995,3.483799934,4.295899868,4.678899765,4.162099838
New Zealand,NZL,7.981999874,10.61400032,10.66699982,9.803999901,8.354000092,6.460999966,6.289999962,6.856999874,7.717999935,7.022999763,6.130000114,5.433000088,5.282000065,4.750800133,4.005000114,3.806999922,3.857000113,3.661000013,4.166999817,6.120999813,6.55700016,6.491000175,6.931000233,6.264999866,5.751999855,5.365200043,5.099999905,4.702000141
OECD members,OED,5.768610592,5.844528288,6.58325838,6.91926219,6.735093773,6.500496,6.35146501,6.004510103,6.269256432,6.24183754,5.82534144,6.092434868,6.21827056,6.780389517,6.623672502,6.267481004,5.60971769,5.285469415,5.643952925,8.080885873,8.322128174,7.954085425,7.889569356,7.896948658,7.351355588,6.76629486,6.315035819,5.753103712
Pakistan,PAK,1.970000029,5.849999905,5.179999828,4.28000021,4.260000229,5.03000021,4.789999962,5.809999943,5.699999809,5.349999905,7.159999847,6.880000114,7.829999924,7.489999771,7.400000095,7.050000191,0.582099974,0.397700012,0.423099995,0.535000026,0.652899981,0.796000004,4.080600142,2.953700066,1.826799989,3.565900087,3.665900087,3.765900087
Panama,PAN,11.60000038,16.12000084,14.67000008,13.26000023,14,14.01000023,14.31999969,13.36999989,14.02000046,11.75,13.52999973,14.71000004,14.10999966,13.61999989,12.43999958,10.32999992,9.109999657,6.78000021,6.67,6.559999943,3.713000059,2.311199903,2.390599966,2.300499916,2.722800016,3.00180006,3.314599991,3.899800062
Peru,PER,8.600000381,5.800000191,9.399999619,9.399999619,9.399999619,9.399999619,7.070000172,7.690000057,7.75,7.989999771,7.989999771,7.880000114,7.880000114,7.880000114,7.880000114,7.880000114,7.880000114,7.880000114,7.880000114,7.880000114,7.880000114,7.880000114,7.880000114,7.880000114,7.880000114,7.880000114,7.880000114,7.880000114
Philippines,PHL,11.22743352,10.59850025,9.866100311,9.288900375,9.483300209,9.526100159,8.563799858,8.777199745,10.25399971,9.808699608,11.18929958,3.698199987,11.51000023,3.527299881,3.553499937,3.795200109,4.052299976,3.434200048,3.719899893,3.858099937,3.605099916,3.592200041,3.504199982,3.49729991,3.599900007,2.86379981,2.707799911,2.551800013
Poland,POL,11.96100044,12.64000034,13.31900024,13.99800014,14.44400024,13.3380003,12.35400009,10.96440029,9.935400009,12.28979969,16.31310081,18.37339973,21.74236679,19.3696003,19.07279968,17.7458992,13.84049988,9.601699829,7.117599964,8.166799545,9.637200356,9.631699562,10.08769989,10.32590008,8.989800453,7.500999928,6.16079998,4.88740015
Puerto Rico,PRI,14.60000038,14.60000038,14.60000038,14.60000038,14.60000038,14.60000038,14.60000038,14.60000038,14.60000038,14.60000038,14.60000038,11.39999962,11.39999962,11.39999962,11.39999962,11.39999962,11.39999962,11.39999962,11.39999962,11.39999962,11.39999962,11.39999962,11.39999962,14.30000019,13.89999962,12.80000019,11.80000019,10.80000019
Portugal,PRT,4.64440012,4.2,3.984600067,5.300300121,6.713099957,7.063700199,7.297699928,6.571199894,4.652400017,4.578000069,3.809400082,3.909400082,4.496600151,6.131599903,6.316599846,7.581699848,7.647399902,7.963699818,7.551700115,9.431900024,10.76990032,12.67720032,15.52680016,16.1833992,13.89410019,12.44439983,11.06620026,8.866999626
Paraguay,PRY,5.800000191,5.099999905,4.980000019,5.059999943,4.409999847,3.400000095,8.149999619,5.360000134,7,9.399999619,7.610000134,7.415300369,7.114600182,6.813899994,6.513199806,4.824699879,5.276500225,4.713300228,4.415200233,5.460199833,5.029549837,5.05484972,5.080149603,5.105449486,5.130749369,5.156049252,5.181349134,5.206649017
West Bank and Gaza,PSE,21.05174393,21.24071151,21.4296791,21.61864669,21.80761428,21.99658186,22.18554945,22.37451704,22.56348463,22.75245221,13.53409958,25.29809952,31.22220039,25.48049927,26.78580093,23.51549911,23.74080086,21.71839905,26.60320091,24.58510017,23.77129936,20.86289978,22.88809967,23.33069992,27.01329994,26.01339912,27.07519913,28.41900063
Pacific island small states,PSS,5.951753059,5.951753059,5.951753059,5.951753059,5.951753059,5.951753059,5.951753059,5.951753059,5.951753059,5.951753059,5.951753059,5.951753059,5.951753059,5.951753059,5.951753059,5.951753059,5.951753059,5.951753059,5.951753059,5.951753059,5.951753059,5.951753059,5.951753059,5.951753059,5.951753059,5.951753059,5.951753059,5.951753059
Post-demographic dividend,PST,5.675270236,5.728049674,5.780829111,6.735549092,5.715099437,5.902544064,6.132706059,5.916136522,6.507595314,6.390177022,5.866586418,5.850908353,6.309364007,6.312399857,5.980126098,5.63887057,5.304807569,5.017532313,5.425465952,7.995835736,8.309656349,7.957052629,7.960490732,7.920700547,7.399226911,6.81182189,6.432558681,5.880832957
Qatar,QAT,2.188747273,2.106857162,2.024967051,1.94307694,1.86118683,1.779296719,1.697406608,1.615516497,1.533626387,1.451736276,1.369846165,1.287956054,1.206065944,1.124175833,1.480000019,1.220000029,0.870000005,0.519999981,0.310000002,0.310000002,0.449999988,0.560000002,0.479999989,0.280000001,0.200000003,0.170000002,0.150000006,0.140000001
Romania,ROU,8.511000061,8.420000076,8.260000229,8.329999924,8.170000076,8.010000229,6.739999771,5.514200211,5.629199982,6.236999989,6.966700077,6.557899952,6.149099827,6.94990015,7.719099998,7.174399853,7.269499779,6.413099766,5.787499905,6.85890007,6.959199905,7.177400112,6.793700218,7.096000195,6.802100182,6.811800003,5.901400089,4.92689991
Russian Federation,RUS,3.777000904,4.479000568,5.181000233,5.882999897,8.130999565,9.449000359,9.664999962,11.81299973,13.26099968,13.03600025,10.58100033,8.977999687,7.875,8.210000038,7.763000011,7.124000072,7.054999828,6.001999855,6.204999924,8.300999641,7.368800163,6.53550005,5.436299801,5.457699776,5.160099983,5.570899963,5.55880022,5.212299824
Rwanda,RWA,0.300000012,0.300000012,0.300000012,0.300000012,0.300000012,0.300000012,0.560000002,0.560000002,0.560000002,0.560000002,0.560000002,0.560000002,0.889999986,0.889999986,0.889999986,0.889999986,0.889999986,0.889999986,0.889999986,0.889999986,0.889999986,0.889999986,0.889999986,0.889999986,1.16929996,17.35740089,17.35740089,17.35740089
South Asia,SAS,2.933639211,2.933639211,2.933639211,2.933639211,2.933639211,2.933639211,2.933639211,2.933639211,2.933639211,2.933639211,3.236752198,3.236752198,3.236752198,3.236752198,3.236752198,3.62218145,3.62218145,3.62218145,3.62218145,3.62218145,2.398821186,2.398821186,2.687883522,2.687883522,2.687883522,2.687883522,2.687883522,2.687883522
Saudi Arabia,SAU,7.499998474,7.349999142,7.199999809,7.050000477,6.600000381,6.150000286,5.700000191,5.250000095,4.8,4.349999905,4.570000172,4.619999886,5.269999981,5.559999943,5.820000172,6.050000191,6.25,5.730000019,5.079999924,5.380000114,5.550000191,5.769999981,5.519999981,5.570000172,5.71999979,5.590000153,5.650000095,5.889999866
Sudan,SDN,14.80000019,14.80000019,14.80000019,14.80000019,14.80000019,14.80000019,14.80000019,14.80000019,14.80000019,14.80000019,14.80000019,14.80000019,14.80000019,14.80000019,14.80000019,14.80000019,14.80000019,14.80000019,14.80000019,13,13,17.43980026,17.43980026,17.43980026,17.43980026,17.43980026,17.43980026,17.43980026
Senegal,SEN,5.650000095,5.650000095,5.650000095,5.650000095,5.650000095,5.650000095,5.650000095,5.650000095,5.650000095,5.650000095,5.650000095,5.650000095,5.650000095,5.650000095,5.650000095,5.650000095,10.02999973,10.02999973,10.02999973,10.02999973,10.02999973,10.35999966,10.35999966,10.35999966,10.35999966,6.757400036,6.757400036,6.757400036
Singapore,SGP,2.150000095,2.180000067,2.210000038,2.109999895,2.200000048,3.299999952,2.25,2.00999999,3.559999943,3.920000076,5.073333422,2.769999981,3.700000048,4.199999809,3.549999952,4.264999866,2.789999962,2.180000067,2.24000001,2.849999905,2.069999933,1.870000005,1.789999962,1.710000038,1.690000057,1.690000057,1.799999952,1.8
Sierra Leone,SLE,3.420000076,3.420000076,3.420000076,3.420000076,3.420000076,3.420000076,3.420000076,3.420000076,3.420000076,3.420000076,3.420000076,3.420000076,3.420000076,3.420000076,3.420000076,3.420000076,3.420000076,3.420000076,3.420000076,3.420000076,3.420000076,3.420000076,3.420000076,3.420000076,4.677999973,4.677999973,4.677999973,4.677999973
El Salvador,SLV,9.960000038,7.53000021,8.2,9.93999958,7.679999828,7.650000095,7.679999828,7.980000019,7.099999905,6.679999828,6.960000038,6.960000038,5.730000019,6.260000229,6.050000191,7.21999979,7.514600277,7.02120018,5.880000114,7.329999924,4.893199921,4.30189991,3.846299887,3.692600012,4.163099766,3.999900103,4.418300152,4.385000229
San Marino,SMR,5.5,4.300000191,4.199999809,5.099999905,3.900000095,3.900000095,5.099999905,4.400000095,4.099999905,3,2.799999952,2.599999905,2.399999857,2.199999809,1.999999762,2.109999895,1.629999995,3.320000172,3.670000076,4.019999981,4.369999886,5.059999943,5.190000057,6.079999924,6.610000134,7.380000114,6.449999809,5.519999504
Serbia,SRB,13.65833268,13.62499942,13.59166616,13.55833291,13.52499965,13.39999962,13.19999981,13.80000019,13.69999981,13.69999981,12.60000038,12.80000019,13.80000019,15.19999981,18.5,20.85000038,20.85000038,18.05999947,13.70479965,16.14220047,19.21759987,22.96619987,23.99990082,22.15369987,19.22340012,17.65970039,15.25739956,13.47700024
South Sudan,SSD,12.14999962,12.14999962,12.14999962,12.14999962,12.14999962,12.14999962,12.14999962,12.14999962,12.14999962,12.14999962,12.14999962,12.14999962,12.14999962,12.14999962,12.14999962,12.14999962,12.14999962,12.14999962,12.14999962,12.14999962,12.14999962,12.14999962,12.14999962,12.14999962,12.14999962,12.14999962,12.14999962,12.14999962
Sao Tome and Principe,STP,19.76453444,19.51485307,19.26517169,19.01549032,18.76580894,18.51612757,18.26644619,18.01676482,17.76708345,17.51740207,17.2677207,15.72999954,17.62999916,16.36000061,16.12000084,16.46999931,16.64999962,16.1,15.55000038,15.00000076,14.45000114,13.90000153,13.59000015,13.58,13.56999985,13.55999969,13.54999954,13.53999939
Suriname,SUR,15.64999962,15.39250037,17.28000069,15.64000034,12.69999981,8.390000343,10.88000011,10.56000042,10.63000011,13.60000038,9.527500187,8.8758335,8.224166813,7.572500127,9.489999771,8.932143314,8.722857543,8.513571773,8.304286003,8.720000267,7.150000095,7.539999962,8.100000381,6.599999905,6.940000057,7.21999979,6.629999842,6.420714072
Slovak Republic,SVK,14.92680073,14.5118206,14.09684048,13.68186035,13.65400028,13.10900021,11.3409996,11.89400005,12.18659973,15.94709969,19.06159973,20.32240105,18.72100067,17.1196003,18.59939957,16.2560997,13.37279987,11.14340019,9.507599831,12.02540016,14.37940025,13.61740017,13.96329975,14.22049999,13.18410015,11.48079967,9.670200348,8.130999565
Slovenia,SVN,8.564913257,7.079999924,9.176100016,8.510000229,8.239999771,7.150000095,6.907800198,6.646999836,7.388899803,7.324399948,6.917699814,5.682099819,5.921999931,6.478600025,6.011600018,6.505599976,5.950200081,4.818099976,4.370600224,5.856900215,7.236199856,8.166000366,8.840200424,10.10229969,9.667599678,8.962300301,8.000100136,6.564400196
Sweden,SWE,1.832000017,3.243000031,5.722000122,9.329999924,9.579999924,8.897399902,9.546699524,10.35859966,8.940799713,7.606999874,5.465899944,4.73029995,4.965099812,5.554699898,6.693099976,7.48570013,7.06580019,6.160900116,6.234799862,8.350899696,8.609700203,7.804100037,7.975699902,8.052100182,7.953499794,7.431600094,6.989999771,6.718299866
Eswatini,SWZ,21.64999962,21.64999962,21.64999962,21.64999962,21.64999962,21.64999962,21.64999962,22.5,22.5,22.5,22.5,22.5,22.5,22.5,22.5,22.5,22.5,28.23999977,28.23999977,28.23999977,28.23999977,28.23999977,28.23999977,28.23999977,28.23999977,28.23999977,22.71769905,22.71769905
Seychelles,SYC,10.35000038,10.35000038,10.35000038,10.35000038,10.35000038,10.35000038,10.35000038,10.35000038,10.35000038,10.35000038,10.35000038,10.35000038,9.81000042,9.81000042,9.81000042,5.5,5.5,5.5,5.5,5.5,5.5,4.110000134,4.110000134,4.110000134,3.840699911,4.151199818,3.964900017,3.714900017
Syrian Arab Republic,SYR,6.7,6.75,7.566666921,7.400000095,7.5,7.199999809,7.166666349,7.066666206,6.966666063,7.599999905,8.233333747,11.63000011,11.68000031,10.27999973,8.616000175,8.676000118,8.170000076,8.420000076,10.93999958,8.140000343,8.609999657,9.035999775,9.095999718,9.15599966,9.215999603,9.275999546,9.335999489,9.395999432
East Asia & Pacific (IDA & IBRD countries),TEA,2.605647982,2.588158173,2.543591442,2.797556489,2.971111581,3.059133612,3.169860425,3.331304328,3.538553502,3.606580924,3.59330537,3.772545995,4.336591135,4.311273675,4.293679906,4.455071893,4.347140232,4.294132865,4.396974741,4.217519672,3.927397096,3.871939516,3.818541617,3.747507146,3.757556997,3.713550634,3.683058324,3.733494366
Europe & Central Asia (IDA & IBRD countries),TEC,7.101632351,7.365013148,6.514105768,7.327653517,8.425229287,8.385077288,8.87545035,9.581111752,10.52394781,11.19409994,9.776431314,9.442969245,8.352200947,9.41217628,9.215926934,8.627604066,8.035288763,7.499236133,7.319222275,8.917711933,8.605197459,7.83763509,7.313164459,7.4708858,7.374410063,7.442554579,7.344270406,7.043477565
Togo,TGO,4.22879982,4.22879982,4.22879982,4.22879982,4.22879982,4.22879982,4.22879982,4.22879982,4.22879982,4.22879982,4.22879982,4.22879982,4.22879982,4.22879982,4.22879982,4.22879982,4.22879982,4.22879982,4.22879982,4.22879982,4.22879982,1.98150003,1.98150003,1.98150003,5.468599796,2.203900099,2.203900099,2.203900099
Thailand,THA,2.210000038,2.630000114,1.350000024,1.49000001,1.346593142,1.100000024,1.070894122,0.872862101,3.404355526,2.968135595,2.388842106,2.599999905,1.820000052,1.539999962,1.50999999,1.350000024,1.220000029,1.179999948,1.179999948,1.49000001,0.621500015,0.660000026,0.579999983,0.489199996,0.575600028,0.596700013,0.688000023,0.741750032
Tajikistan,TJK,0.400000006,0.400000006,0.400000006,1.200000048,1.700000048,2,2.599999905,2.700000048,3.200000048,3,2.700000048,2.299999952,2.5,2.400000095,2,2,2.200000048,2.5,2.742500018,2.80485296,2.867205901,2.929558843,2.991911784,3.054264726,3.116617668,3.178970609,3.241323551,3.303676492
Latin America & the Caribbean (IDA & IBRD countries),TLA,7.043032212,6.701762174,6.360492137,6.019222099,5.677952062,8.04845257,8.521072168,8.134621898,8.896048932,9.632284678,10.36852042,9.036096247,9.943447027,9.454546583,8.482737653,8.371018225,7.168253929,7.335108425,6.675997971,7.653919301,7.540486108,6.512937575,6.789133524,7.15192281,7.514712096,7.877501381,8.240290667,8.603079953
Timor-Leste,TLS,3.300899982,3.300899982,3.300899982,3.300899982,3.300899982,3.300899982,3.300899982,3.300899982,3.300899982,3.300899982,3.300899982,3.300899982,3.300899982,3.300899982,3.300899982,3.300899982,3.300899982,3.300899982,3.300899982,3.300899982,3.300899982,3.300899982,3.300899982,10.9854002,10.9854002,10.9854002,4.657299995,4.657299995
Middle East & North Africa (IDA & IBRD countries),TMN,12.44942466,12.44942466,14.6211213,14.46269389,14.30426648,14.14583907,13.98741165,13.82898424,13.67055683,13.51212942,13.35370201,13.1952746,13.57063803,12.81863417,11.82108998,12.40356322,12.98603646,10.40847484,10.2948346,10.43063153,10.98821253,11.67983864,11.91000531,11.45590476,11.43606007,11.80854556,11.81331203,12.06322451
Tonga,TON,4.159999847,4.159999847,4.159999847,1.299999952,1.299999952,1.299999952,1.299999952,1.299999952,1.299999952,1.299999952,1.299999952,1.299999952,1.299999952,5.179999828,5.179999828,5.179999828,1.090000033,1.090000033,1.090000033,1.090000033,1.090000033,1.090000033,1.090000033,1.090000033,1.090000033,1.090000033,1.090000033,1.090000033
South Asia (IDA & IBRD),TSA,2.933639211,2.933639211,2.933639211,2.933639211,2.933639211,2.933639211,2.933639211,2.933639211,2.933639211,2.933639211,3.236752198,3.236752198,3.236752198,3.236752198,3.236752198,3.62218145,3.62218145,3.62218145,3.62218145,3.62218145,2.398821186,2.398821186,2.687883522,2.687883522,2.687883522,2.687883522,2.687883522,2.687883522
Trinidad and Tobago,TTO,19.8760004,18.52000046,19.65999985,19.80999947,18.44000053,17.21999931,16.25,15.01000023,14.21000004,13.11999989,12.10000038,10.88000011,10.39000034,10.47999954,8.329999924,7.949999809,6.269999981,5.539999962,4.630000114,5.28000021,3.774600029,3.248399973,3.453299999,2.459500074,2.224299908,2.210799932,2.972199917,2.847849846
Tunisia,TUN,14.19037287,14.217634,14.24489514,14.27215628,14.29941742,14.32667855,14.35393969,15.93999958,15.4800005,15.21000004,14.93999958,14.39999962,14.55000019,14.51000023,14.22999954,12.87220001,12.51010036,12.36480045,12.44349957,13.29049969,13.04889965,18.33399963,17.62960052,15.93379974,15.2094663,15.21819973,15.51420021,14.10079106
Turkey,TUR,8.015000343,8.210000038,8.508999825,8.961999893,8.576999664,7.644000053,6.629000187,6.84100008,6.888000011,7.686999798,6.494999886,8.380999565,10.3579998,10.54199982,10.8380003,10.63599968,8.718299866,8.868300438,9.709899902,12.55220032,10.65970039,8.795900345,8.149499893,8.731900215,9.879799843,10.23600006,10.83860016,10.81919956
Tanzania,TZA,3.56906925,3.599999905,3.54,3.480000095,3.420000191,3.360000286,3.300000381,3.240000477,3.180000572,3.120000668,3.060000763,2.994400024,3.599999905,3.52,3.440000095,3.360000191,3.299400091,3.12,2.940599909,2.5,3.204900026,3.470000029,3.735100031,2.930000067,2.124900103,2.750640106,2.681065839,2.611491571
Uganda,UGA,0.625627382,0.939999998,0.920000017,1.42,1.57333334,1.813333342,2.053333343,2.293333344,2.533333345,2.773333346,3.013333348,3.253333349,3.49333335,3.599999905,2.4,1.899999976,2.4,2.900000024,3.400000048,3.599999905,3.589199915,3.57,3.550800085,1.909999967,4,6.090000033,8.180000067,9.43999958
Ukraine,UKR,5.520000458,5.540000343,5.560000229,5.580000114,5.6,5.619999886,7.650000095,8.930000305,11.31999969,11.86429977,11.70720005,11.06089973,10.13560009,9.056799889,8.590000153,7.179999828,6.810400009,6.350500107,6.36289978,8.840000153,8.100000381,7.860000134,7.53000021,7.170000076,9.270000458,9.100000381,9.300000191,9.5
Upper middle income,UMC,3.077661969,3.093215,3.482183191,3.590572354,3.931485507,4.426166172,4.44930549,4.626397223,5.0786343,5.254371493,4.884257167,5.471159457,5.905588085,6.0109554,5.738622086,5.774591654,5.436122478,5.338339611,5.284849225,5.841058491,5.407784403,5.353070126,5.172951905,5.05220694,5.062325945,4.990735537,4.919145129,5.804763813
Uruguay,URY,8.529999733,8.949999809,8.960000038,8.350000381,9.039999962,10.02000046,11.00000095,11.43999958,9.779999733,11.28999996,13.32999992,14.89999962,16.90999985,16.35000038,12.97949982,12.00879955,10.84360027,9.403400421,8.025500298,7.740099907,7.158199787,6.307099819,6.451300144,6.443699837,6.547399998,7.48789978,7.840600014,7.8895998
United States,USA,5.599999905,6.800000191,7.5,6.900000095,6.118700027,5.650400162,5.451099873,5.000299931,4.510499954,4.218800068,3.992000103,4.731299877,5.783199787,5.988699913,5.528600216,5.083499908,4.623000145,4.622099876,5.784200191,9.254199982,9.633399963,8.949199677,7.901299953,7.374899864,6.167500019,5.28000021,4.86920023,4.355199814
Uzbekistan,UZB,0.2,0.200000003,0.200000003,0.400000006,0.400000006,0.400000006,0.400000006,0.400000006,0.400000006,0.400000006,0.400000006,0.400000006,0.400000006,0.300000012,0.400000006,0.300000012,0.200000003,0.3,0.4,5.039999962,5.360000134,4.960000038,4.869999886,4.860000134,5.090000153,5.150000095,5.159999847,5.829999924
St. Vincent and the Grenadines,VCT,19.77000046,19.77000046,19.77000046,19.77000046,19.77000046,19.77000046,19.77000046,19.77000046,19.77000046,19.77000046,19.77000046,21.10000038,21.10000038,21.10000038,21.10000038,21.10000038,21.10000038,21.10000038,18.79000092,18.79000092,18.79000092,18.79000092,18.79000092,18.79000092,18.79000092,18.79000092,18.79000092,18.79000092
"Venezuela, RB",VEN,13.96000004,3.520002365,5.200001717,6.880001068,8.56000042,10.23999977,11.77000046,13.40000025,15.00500027,16.61000029,18.21500031,8.829999924,16.17000008,16.78000069,21.87666766,10.66259956,8.605799675,7.279099941,6.245100021,6.097400188,7.112199783,6.901800156,6.600599766,7.04603982,7.197579765,7.349119711,7.500659657,7.652199602
Vietnam,VNM,3.01199099,2.937824855,2.863658721,2.789492587,2.715326453,2.641160318,1.929999948,2.869999886,2.289999962,2.329999924,2.25999999,2.75999999,2.119999886,2.25,2.140000105,1.88500011,1.712000155,1.539000201,1.366000247,1.736799955,1.113600016,0.999300003,1.026900053,1.252500057,1.256100059,1.858500004,1.851500034,1.886199951
World,WLD,4.118978974,4.225035753,4.331092531,4.43714931,4.489716107,4.702752849,4.782064637,4.861376425,4.940688212,5.02,5.099311788,5.1,5.2,5.3,5.4,5.50128929,6.723980667,6.498713441,6.273446216,6.252518411,5.393187994,5.84407382,5.351332384,5.147110089,4.921842863,4.696575638,4.471308412,4.246041187
Samoa,WSM,1.799999809,2.099999905,2.4,2.700000095,3.000000191,3.300000286,3.600000381,3.900000477,4.200000572,4.500000668,4.800000763,4.960000038,4.3,3.639999962,2.979999924,2.319999886,1.289999962,2.15,3.010000038,3.870000076,4.730000114,5.679999828,8.751999855,8.73,8.720000267,11,13.27999973,14.47189999
"Yemen, Rep.",YEM,8.379999542,8.369999695,8.359999847,8.35,8.340000153,5,3,4.539999962,8,11.46000004,15.51857056,15.5614278,15.60428504,15.64714227,16.22999954,16.04999924,15.69999981,15.32999992,14.97000027,14.63000011,17.81999969,16.75199995,17.10599995,17.45999994,13.46710014,13.82110014,12.8710302,11.92096025
South Africa,ZAF,21.3094222,22.02440071,22.73937922,23.45435774,24.16933625,24.88431476,25.59929328,26.31427179,25,25.37000084,30.22929955,30.89599991,33.47330093,32.45569992,29.57600021,29.25309944,28.48929977,26.66620064,22.4326992,23.53829956,24.6928997,24.65299988,24.73159981,24.56879997,24.89760017,25.15600014,26.55069923,27.07110023
Zambia,ZMB,15,18.89999962,19.2,19.70000076,18.1,16.2,15.30000019,14.40000038,12,12.3,12.93000031,13.34000041,13.80500056,14.27000071,14.73500086,15.89999962,12,8.100000381,7.929999828,10.7,13.18999958,10.4,7.849999905,8.5,9.150000095,9.800000191,10.45000029,11.62580013
